entity,field,chosen,candidates
Đại học Phenikaa,website,https://phenikaa-uni.edu.vn,Wikidata/viwiki=https://phenikaa-uni.edu.vn/vi; Bộ GDĐT=https://phenikaa-uni.edu.vn
Học viện Chính trị Quốc gia Hồ Chí Minh,website,http://www.hcma.vn,Wikidata/viwiki=https://hcma.vn/; Bộ GDĐT=http://www.hcma.vn
Học viện Chính trị Quốc gia Hồ Chí Minh,province,Hà Nội,viwiki-infobox=Hà Nội; wikidata=Thành phố Hồ Chí Minh
Học viện Chính trị Quốc gia Hồ Chí Minh,email,vudtbd@hcma.edu.vn,viwiki=info@hcma.edu.vn; Bộ GDĐT=vudtbd@hcma.edu.vn
Học viện Công nghệ Bưu chính Viễn thông,founding_year,1953,wikidata=1953; viwiki=1997
Học viện Công nghệ Bưu chính Viễn thông,website,https://portal.ptit.edu.vn,Wikidata/viwiki=http://www.ptit.edu.vn/; Bộ GDĐT=https://portal.ptit.edu.vn
Học viện Cảnh sát nhân dân,website,http://hvcsnd.edu.vn,Wikidata/viwiki=http://www.hvcsnd.edu.vn/; Bộ GDĐT=http://hvcsnd.edu.vn
Học viện Hậu cần,founding_year,1951,wikidata=1974; viwiki=1951
Học viện Khoa học Quân sự,website,http://hvkhqs.edu.vn,Wikidata/viwiki=https://hvkhqs.edu.vn/; Bộ GDĐT=http://hvkhqs.edu.vn
Học viện Kỹ thuật Mật mã,website,https://actvn.edu.vn,Wikidata/viwiki=http://actvn.edu.vn/; Bộ GDĐT=https://actvn.edu.vn
Học viện Ngoại giao,website,https://www.dav.edu.vn/,Wikidata/viwiki=http://www.dav.edu.vn/en/; Bộ GDĐT=https://www.dav.edu.vn/
Học viện Ngân hàng,admission_codes,NHH,"viwiki=NHB,NHH,NHP,NHS; Bộ GDĐT=NHH"
Học viện Quân y,website,http://www.hocvienquany.vn,Wikidata/viwiki=http://hocvienquany.vn/; Bộ GDĐT=http://www.hocvienquany.vn
Học viện Quản lý giáo dục,website,https://naem.edu.vn,Wikidata/viwiki=http://naem.edu.vn; Bộ GDĐT=https://naem.edu.vn
Học viện Quốc phòng,website,https://hvqp.edu.vn,Wikidata/viwiki=http://www.nda.edu.vn; Bộ GDĐT=https://hvqp.edu.vn
Học viện Tài chính,founding_year,1963,wikidata=1963; viwiki=2001
Học viện Tài chính,website,https://hvtc.edu.vn,Wikidata/viwiki=http://hvtc.edu.vn; Bộ GDĐT=https://hvtc.edu.vn
Học viện Tài chính,email,hocvientaichinh@hvtc.edu.vn,viwiki=vanphong@hvtc.edu.vn; Bộ GDĐT=hocvientaichinh@hvtc.edu.vn
Học viện Y – Dược học cổ truyền Việt Nam,website,https://vutm.edu.vn,Wikidata/viwiki=http://www.vutm.edu.vn; Bộ GDĐT=https://vutm.edu.vn
Học viện Âm nhạc Huế,website,https://hocvienamnhachue.edu.vn,Wikidata/viwiki=http://hocvienamnhachue.edu.vn/; Bộ GDĐT=https://hocvienamnhachue.edu.vn
"Trường Quản trị và Kinh doanh, Đại học Quốc gia Hà Nội",website,https://hsb.edu.vn/,Wikidata/viwiki=https://www.hsb.edu.vn/; Bộ GDĐT=https://hsb.edu.vn/
Phân hiệu Đại học Đà Nẵng tại Kon Tum,website,https://kontum.udn.vn/,Wikidata/viwiki=http://www.kontum.udn.vn/; Bộ GDĐT=https://kontum.udn.vn/
"Trường Đại học Sư phạm Kỹ thuật, Đại học Đà Nẵng",website,https://ute.udn.vn,Wikidata/viwiki=http://ute.udn.vn; Bộ GDĐT=https://ute.udn.vn
"Trường Đại học Sư phạm Kỹ thuật, Đại học Đà Nẵng",email,dhspktdn@ute.udn.vn,viwiki=vntien@ud.edu.vn; Bộ GDĐT=dhspktdn@ute.udn.vn
Trường Đại học Khánh Hòa,website,https://ukh.edu.vn,Wikidata/viwiki=http://ukh.edu.vn/; Bộ GDĐT=https://ukh.edu.vn
Trường Sĩ quan Pháo binh,website,https://tsqpb.edu.vn,Wikidata/viwiki=http://tsqpb.edu.vn/; Bộ GDĐT=https://tsqpb.edu.vn
Trường Sĩ quan Tăng – Thiết giáp,website,http://www.siquantangthietgiap.vn,Wikidata/viwiki=http://siquantangthietgiap.vn; Bộ GDĐT=http://www.siquantangthietgiap.vn
Trường Đại học Công nghiệp Việt Trì,website,https://vui.edu.vn,Wikidata/viwiki=http://vui.edu.vn; Bộ GDĐT=https://vui.edu.vn
Trường Đại học Hồng Đức,website,https://hdu.edu.vn,Wikidata/viwiki=http://www.hdu.edu.vn/; Bộ GDĐT=https://hdu.edu.vn
Trường Đại học Bà Rịa – Vũng Tàu,website,https://bvu.edu.vn,Wikidata/viwiki=http://www.bvu.edu.vn/; Bộ GDĐT=https://bvu.edu.vn
Trường Đại học Bà Rịa – Vũng Tàu,email,dhbrvt@bvu.edu.vn,viwiki=dbrvt@bvu.edu.vn; Bộ GDĐT=dhbrvt@bvu.edu.vn
Trường Đại học Công nghiệp Quảng Ninh,website,https://qui.edu.vn,Wikidata/viwiki=http://www.qui.edu.vn; Bộ GDĐT=https://qui.edu.vn
Trường Đại học Công Thương Thành phố Hồ Chí Minh,website,https://huit.edu.vn,Wikidata/viwiki=http://www.cntp.edu.vn/; Bộ GDĐT=https://huit.edu.vn
Trường Đại học Công Thương Thành phố Hồ Chí Minh,email,dhct@huit.edu.vn,viwiki=infor@huit.edu.vn; Bộ GDĐT=dhct@huit.edu.vn
"Trường Đại học Công nghệ, Đại học Quốc gia Hà Nội",website,https://uet.vnu.edu.vn,Wikidata/viwiki=http://uet.vnu.edu.vn; Bộ GDĐT=https://uet.vnu.edu.vn
Trường Đại học Công nghệ Thành phố Hồ Chí Minh,province,Thành phố Hồ Chí Minh,viwiki-infobox=Thành phố Hồ Chí Minh; viwiki-địa chỉ=Điện Biên; wikidata=Thành phố Hồ Chí Minh
"Trường Đại học Công nghệ thông tin và Truyền thông, Đại học Thái Nguyên",email,phonghctc@ictu.edu.vn,viwiki=contact@ictu.edu.vn; Bộ GDĐT=phonghctc@ictu.edu.vn
Trường Đại học Công nghệ Đồng Nai,email,info@dntu.edu.vn,viwiki=truongdaihoccongnghedongnai@dntu.edu.vn; Bộ GDĐT=info@dntu.edu.vn
Trường Đại học Dầu khí Việt Nam,website,https://pvu.edu.vn,Wikidata/viwiki=http://www.pvu.edu.vn/; Bộ GDĐT=https://pvu.edu.vn
Trường Đại học Giao thông Vận tải,website,https://www.utc.edu.vn/,Wikidata/viwiki=http://en.utc.edu.vn; Bộ GDĐT=https://www.utc.edu.vn/
Trường Đại học Giao thông vận tải Thành phố Hồ Chí Minh,founding_year,1988,wikidata=2001; viwiki=1988; dbpedia=2001
"Trường Đại học Giáo dục, Đại học Quốc gia Hà Nội",website,https://education.vnu.edu.vn/,Wikidata/viwiki=http://education.vnu.edu.vn; Bộ GDĐT=https://education.vnu.edu.vn/
Trường Đại học Hoa Lư,website,http://hluv.edu.vn/vi,Wikidata/viwiki=http://hluv.edu.vn/; Bộ GDĐT=http://hluv.edu.vn/vi
Trường Đại học Hà Nội,website,https://hanu.vn,Wikidata/viwiki=http://www.hanu.vn/; Bộ GDĐT=https://hanu.vn
Trường Đại học Hà Tĩnh,website,https://htu.edu.vn/,Wikidata/viwiki=https://www.htu.edu.vn/; Bộ GDĐT=https://htu.edu.vn/
Trường Đại học Hùng Vương,website,https://hvu.edu.vn,Wikidata/viwiki=http://hvu.edu.vn; Bộ GDĐT=https://hvu.edu.vn
"Trường Đại học Khoa học, Đại học Huế",website,https://husc.hueuni.edu.vn,Wikidata/viwiki=http://husc.edu.vn; Bộ GDĐT=https://husc.hueuni.edu.vn
"Trường Đại học Khoa học Xã hội và Nhân văn, Đại học Quốc gia Hà Nội",founding_year,1945,wikidata=1995; viwiki=1945; dbpedia=1945
Trường Đại học Kinh doanh và Công nghệ Hà Nội,website,https://hubt.edu.vn,Wikidata/viwiki=http://hubt.edu.vn/; Bộ GDĐT=https://hubt.edu.vn
Trường Đại học Kinh doanh và Công nghệ Hà Nội,email,tndunghubt@gmail.com,viwiki=tttt@hubt.edu.vn; Bộ GDĐT=tndunghubt@gmail.com
Trường Đại học Kinh tế – Kỹ thuật Công nghiệp,website,https://uneti.edu.vn,Wikidata/viwiki=http://www.uneti.edu.vn/; Bộ GDĐT=https://uneti.edu.vn
"Trường Đại học Kinh tế – Luật, Đại học Quốc gia Thành phố Hồ Chí Minh",founding_year,2000,wikidata=2010; viwiki=2000; dbpedia=2010
Trường Đại học Kinh tế Công nghiệp Long An,website,https://daihoclongan.edu.vn,Wikidata/viwiki=http://www.daihoclongan.edu.vn; Bộ GDĐT=https://daihoclongan.edu.vn
"Trường Đại học Kinh tế và Quản trị kinh doanh, Đại học Thái Nguyên",email,webmaster@tueba.edu.vn,viwiki=tueba@tueba.edu.vn; Bộ GDĐT=webmaster@tueba.edu.vn
"Trường Đại học Kỹ thuật Công nghiệp, Đại học Thái Nguyên",website,https://tnut.edu.vn,Wikidata/viwiki=http://en.tnut.edu.vn/; Bộ GDĐT=https://tnut.edu.vn
Trường Đại học Lao động – Xã hội,website,https://ulsa.edu.vn,Wikidata/viwiki=http://www.ulsa.edu.vn/; Bộ GDĐT=https://ulsa.edu.vn
Trường Đại học Lâm nghiệp,founding_year,1956,wikidata=1964; viwiki=1956
Trường Đại học Lâm nghiệp,website,https://vnuf.edu.vn,Wikidata/viwiki=http://en.vnuf.edu.vn/home; Bộ GDĐT=https://vnuf.edu.vn
Trường Đại học Lạc Hồng,website,https://lhu.edu.vn,Wikidata/viwiki=http://lhu.edu.vn/; Bộ GDĐT=https://lhu.edu.vn
Trường Đại học Mỏ – Địa chất,website,https://humg.edu.vn,Wikidata/viwiki=http://humg.edu.vn/Pages/home.aspx; Bộ GDĐT=https://humg.edu.vn
"Trường Đại học Ngoại ngữ, Đại học Huế",website,https://huflis.edu.vn,Wikidata/viwiki=http://hucfl.edu.vn/en/; Bộ GDĐT=https://huflis.edu.vn
"Trường Đại học Ngoại ngữ, Đại học Đà Nẵng",website,http://ufl.udn.vn,Wikidata/viwiki=http://www.ufl.udn.vn/; Bộ GDĐT=http://ufl.udn.vn
"Trường Đại học Ngoại ngữ, Đại học Đà Nẵng",email,dhnn@ufl.udn.vn,viwiki=dhnn@ud.edu.vn; Bộ GDĐT=dhnn@ufl.udn.vn
Trường Đại học Nguyễn Tất Thành,website,https://ntt.edu.vn,Wikidata/viwiki=http://ntt.edu.vn/ntt_trangchu/; Bộ GDĐT=https://ntt.edu.vn
"Trường Đại học Nông Lâm, Đại học Huế",website,https://huaf.edu.vn,Wikidata/viwiki=http://www.huaf.edu.vn; Bộ GDĐT=https://huaf.edu.vn
"Trường Đại học Nông Lâm, Đại học Huế",email,khcn-htqt@huaf.edu.vn,viwiki=admin@huaf.edu.vn; Bộ GDĐT=khcn-htqt@huaf.edu.vn
"Trường Đại học Nông Lâm, Đại học Thái Nguyên",website,https://tuaf.edu.vn,Wikidata/viwiki=http://tuaf.edu.vn/en-Us; Bộ GDĐT=https://tuaf.edu.vn
"Trường Đại học Nông Lâm, Đại học Thái Nguyên",email,dhnl@tuaf.edu.vn,viwiki=dhnl@tnu.edu.vn; Bộ GDĐT=dhnl@tuaf.edu.vn
Trường Đại học Phan Châu Trinh,website,https://pctu.edu.vn,Wikidata/viwiki=http://pctu.edu.vn; Bộ GDĐT=https://pctu.edu.vn
Trường Đại học Phú Yên,website,https://pyu.edu.vn,Wikidata/viwiki=http://www.pyu.edu.vn/; Bộ GDĐT=https://pyu.edu.vn
Trường Đại học Phạm Văn Đồng,website,https://pdu.edu.vn,Wikidata/viwiki=http://www.pdu.edu.vn/; Bộ GDĐT=https://pdu.edu.vn
Trường Đại học Quy Nhơn,website,https://qnu.edu.vn,Wikidata/viwiki=http://www.qnu.edu.vn/; Bộ GDĐT=https://qnu.edu.vn
Trường Đại học Quảng Nam,website,https://qnamuni.edu.vn,Wikidata/viwiki=http://qnamuni.edu.vn/; Bộ GDĐT=https://qnamuni.edu.vn
Trường Đại học Quảng Nam,email,qnamuni.edu@gmail.com,viwiki=hopthu@qnamuni.edu.vn; Bộ GDĐT=qnamuni.edu@gmail.com
Trường Đại học Quốc tế Bắc Hà,website,https://iubh.edu.vn,Wikidata/viwiki=http://www.bhiu.edu.vn; Bộ GDĐT=https://iubh.edu.vn
Trường Đại học Sao Đỏ,website,https://saodo.edu.vn,Wikidata/viwiki=http://saodo.edu.vn; Bộ GDĐT=https://saodo.edu.vn
Trường Đại học Sân khấu – Điện ảnh Hà Nội,website,https://skda.edu.vn,Wikidata/viwiki=http://skda.edu.vn/; Bộ GDĐT=https://skda.edu.vn
"Trường Đại học Sư phạm, Đại học Thái Nguyên",website,https://tnue.edu.vn,Wikidata/viwiki=http://tnue.edu.vn; Bộ GDĐT=https://tnue.edu.vn
"Trường Đại học Sư phạm, Đại học Đà Nẵng",website,https://ued.udn.vn,Wikidata/viwiki=http://ued.udn.vn; Bộ GDĐT=https://ued.udn.vn
"Trường Đại học Sư phạm, Đại học Huế",website,https://dhsphue.edu.vn,Wikidata/viwiki=http://www.dhsphue.edu.vn/; Bộ GDĐT=https://dhsphue.edu.vn
Trường Đại học Sư phạm Hà Nội 2,founding_year,1950,wikidata=1967; viwiki=1950
Trường Đại học Sư phạm Kỹ thuật Nam Định,website,https://nute.edu.vn,Wikidata/viwiki=http://www.nute.edu.vn; Bộ GDĐT=https://nute.edu.vn
Trường Đại học Sư phạm Kỹ thuật Nam Định,email,phonghcth.skn@moet.edu.vn,viwiki=bants.skn@moet.edu.vn; Bộ GDĐT=phonghcth.skn@moet.edu.vn
Trường Đại học Công nghệ Kỹ thuật Thành phố Hồ Chí Minh,website,https://hcmute.edu.vn,Wikidata/viwiki=http://www.hcmute.edu.vn; Bộ GDĐT=https://hcmute.edu.vn
Trường Đại học Công nghệ Kỹ thuật Vinh,website,http://www.vuted.edu.vn,Wikidata/viwiki=http://vute.edu.vn/; Bộ GDĐT=http://www.vuted.edu.vn
Trường Đại học Sư phạm Thể dục Thể thao Hà Nội,website,https://hupes.edu.vn/,Wikidata/viwiki=http://dhsptdtthanoi.edu.vn/; Bộ GDĐT=https://hupes.edu.vn/
Trường Đại học Thể dục Thể thao Bắc Ninh,website,https://upes1.edu.vn,Wikidata/viwiki=http://upes1.edu.vn; Bộ GDĐT=https://upes1.edu.vn
Trường Đại học Tiền Giang,website,https://tgu.edu.vn,Wikidata/viwiki=http://www.tgu.edu.vn; Bộ GDĐT=https://tgu.edu.vn
Đại học Trà Vinh,founding_year,2001,wikidata=2001; viwiki=2006; dbpedia=2006
Đại học Trà Vinh,website,https://www.tvu.edu.vn;,Wikidata/viwiki=http://www.tvu.edu.vn/; Bộ GDĐT=https://www.tvu.edu.vn;
Trường Đại học Tài chính – Marketing,website,https://ufm.edu.vn/,Wikidata/viwiki=http://ufm.edu.vn/; Bộ GDĐT=https://ufm.edu.vn/
Trường Đại học Tân Tạo,website,https://ttu.edu.vn,Wikidata/viwiki=http://ttu.edu.vn/; Bộ GDĐT=https://ttu.edu.vn
Trường Đại học Võ Trường Toản,website,https://vttu.edu.vn,Wikidata/viwiki=http://vttu.edu.vn; Bộ GDĐT=https://vttu.edu.vn
"Trường Đại học Văn hóa, Thể thao và Du lịch Thanh Hóa",website,http://tucst.edu.vn,Wikidata/viwiki=https://tucst.edu.vn; Bộ GDĐT=http://tucst.edu.vn
Trường Đại học Văn hóa Hà Nội,website,https://huc.edu.vn,Wikidata/viwiki=http://www.huc.edu.vn; Bộ GDĐT=https://huc.edu.vn
Trường Đại học Văn hóa Hà Nội,email,daihocvanhoahanoi@huc.edu.vn,viwiki=daihocvanhoahanoi@gmail.com; Bộ GDĐT=daihocvanhoahanoi@huc.edu.vn
Trường Đại học Xây dựng Miền Trung,website,https://muce.edu.vn/,Wikidata/viwiki=http://muce.edu.vn/; Bộ GDĐT=https://muce.edu.vn/
"Trường Đại học Y Dược, Đại học Thái Nguyên",email,vanthu@tump.edu.vn,viwiki=dhyktn@hn.vnn.vn; Bộ GDĐT=vanthu@tump.edu.vn
"Trường Đại học Y Dược, Đại học Huế",website,https://huemed-univ.edu.vn,Wikidata/viwiki=http://www.huemed-univ.edu.vn; Bộ GDĐT=https://huemed-univ.edu.vn
Trường Đại học Y Dược Hải Phòng,website,https://hpmu.edu.vn,Wikidata/viwiki=http://www.hpmu.edu.vn; Bộ GDĐT=https://hpmu.edu.vn
Trường Đại học Y Dược Thái Bình,website,https://tbump.edu.vn,Wikidata/viwiki=http://www.tbump.edu.vn/; Bộ GDĐT=https://tbump.edu.vn
Trường Đại học Y khoa Phạm Ngọc Thạch,website,https://pnt.edu.vn,Wikidata/viwiki=http://pnt.edu.vn/; Bộ GDĐT=https://pnt.edu.vn
Trường Đại học Y khoa Phạm Ngọc Thạch,email,dhpnt@pnt.edu.vn,viwiki=info@pnt.edu.vn; Bộ GDĐT=dhpnt@pnt.edu.vn
Trường Đại học Gia Định,website,https://giadinh.edu.vn,Wikidata/viwiki=http://giadinh.edu.vn; Bộ GDĐT=https://giadinh.edu.vn
Trường Đại học Gia Định,email,info@giadinh.edu.vn,viwiki=gduniversity@giadinh.edu.vn; Bộ GDĐT=info@giadinh.edu.vn
Trường Đại học Điều dưỡng Nam Định,website,https://ndun.edu.vn,Wikidata/viwiki=http://ndun.edu.vn; Bộ GDĐT=https://ndun.edu.vn
Trường Đại học Đông Đô,website,http://ddu.edu.vn,Wikidata/viwiki=https://hdiu.edu.vn/; Bộ GDĐT=http://ddu.edu.vn
Đại học Thái Nguyên,website,https://tnu.edu.vn,Wikidata/viwiki=http://www.tnu.edu.vn/; Bộ GDĐT=https://tnu.edu.vn
Trường Đại học Công nghệ Kỹ thuật Vĩnh Long,website,https://vlute.edu.vn,Wikidata/viwiki=http://vlute.edu.vn/vi; Bộ GDĐT=https://vlute.edu.vn
Trường Đại học Công nghệ Kỹ thuật Vĩnh Long,province,Vĩnh Long,viwiki-infobox=Vĩnh Long; viwiki-địa chỉ=Huế; wikidata=Vĩnh Long
Trường Đại học Kỹ thuật Y Dược Đà Nẵng,founding_year,1963,wikidata=2013; viwiki=1963
Học viện Chính sách và Phát triển,website,https://apd.edu.vn,Wikidata/viwiki=http://apd.edu.vn; Bộ GDĐT=https://apd.edu.vn
Học viện Chính sách và Phát triển,email,quanlydaotao@apd.edu.vn,viwiki=vwa@vwa.edu.vn; Bộ GDĐT=quanlydaotao@apd.edu.vn
Học viện Chính trị Công an nhân dân,founding_year,1971,wikidata=1971; viwiki=2014
Đại học Huế,website,https://hueuni.edu.vn,Wikidata/viwiki=http://www.hueuni.edu.vn/; Bộ GDĐT=https://hueuni.edu.vn
Trường Đại học Tôn Đức Thắng,website,https://tdtu.edu.vn,Wikidata/viwiki=https://www.tdtu.edu.vn; Bộ GDĐT=https://tdtu.edu.vn
Trường Đại học Tôn Đức Thắng,email,dhtonducthang@tdtu.edu.vn,viwiki=tonducthanguniversity@tdtu.edu.vn; Bộ GDĐT=dhtonducthang@tdtu.edu.vn
Trường Đại học Khoa học và Công nghệ Hà Nội,website,https://usth.edu.vn,Wikidata/viwiki=http://www.usth.edu.vn; Bộ GDĐT=https://usth.edu.vn
Trường Đại học Tây Nguyên,website,https://ttn.edu.vn,Wikidata/viwiki=https://www.ttn.edu.vn/; Bộ GDĐT=https://ttn.edu.vn
Trường Đại học Tây Nguyên,email,dhtn@ttn.edu.vn,viwiki=daihoctn@dng.vnn.vn; Bộ GDĐT=dhtn@ttn.edu.vn
Trường Đại học Công đoàn,website,https://dhcd.edu.vn,Wikidata/viwiki=http://www.dhcd.edu.vn/; Bộ GDĐT=https://dhcd.edu.vn
Trường Đại học Công đoàn,email,dhcongdoan@dhcd.edu.vn,viwiki=qhqt@mail.dhcd.edu.vn; Bộ GDĐT=dhcongdoan@dhcd.edu.vn
Trường Đại học Phú Xuân,website,https://phuxuan.edu.vn,Wikidata/viwiki=http://www.phuxuan.edu.vn/; Bộ GDĐT=https://phuxuan.edu.vn
Trường Đại học Phú Xuân,province,Huế,viwiki-infobox=Huế; wikidata=Thành phố Hồ Chí Minh
Trường Đại học Mỹ thuật Công nghiệp,website,https://mtud.edu.vn/,Wikidata/viwiki=https://uad.edu.vn; Bộ GDĐT=https://mtud.edu.vn/
Đại học Công nghiệp Hà Nội,website,https://haui.edu.vn,Wikidata/viwiki=http://www.haui.edu.vn/vn; Bộ GDĐT=https://haui.edu.vn
Trường Đại học Dược Hà Nội,founding_year,1902,wikidata=1961; viwiki=1961; dbpedia=1902
Trường Đại học Dược Hà Nội,website,https://hup.edu.vn,Wikidata/viwiki=http://www.hup.edu.vn; Bộ GDĐT=https://hup.edu.vn
Trường Đại học Kiểm sát,website,https://hpu.vn,Wikidata/viwiki=https://tks.edu.vn/; Bộ GDĐT=https://hpu.vn
Trường Đại học Kiểm sát,email,phongdaotao.dhkshn@gmail.com,viwiki=truongks@tks.edu.vn; Bộ GDĐT=phongdaotao.dhkshn@gmail.com
Học viện Phụ nữ Việt Nam,email,vanthu@hvpnvn.edu.vn,viwiki=vwa@vwa.edu.vn; Bộ GDĐT=vanthu@hvpnvn.edu.vn
Trường Đại học Tài nguyên và Môi trường Hà Nội,website,https://hunre.edu.vn/,Wikidata/viwiki=http://hunre.edu.vn; Bộ GDĐT=https://hunre.edu.vn/
Trường Đại học Công nghệ Giao thông vận tải,email,gta@moet.edu.vn,viwiki=infohn@utt.edu.vn; Bộ GDĐT=gta@moet.edu.vn
"Trường Đại học Việt Nhật, Đại học Quốc gia Hà Nội",admission_codes,VJU,viwiki=QHJ; Bộ GDĐT=VJU
Trường Đại học Y Dược Cần Thơ,founding_year,1979,wikidata=2002; viwiki=1979
Trường Đại học Y Dược Cần Thơ,website,https://www.ctump.edu.vn,Wikidata/viwiki=http://ctump.edu.vn/; Bộ GDĐT=https://www.ctump.edu.vn
Trường Đại học Quảng Bình,website,https://qbu.edu.vn,Wikidata/viwiki=http://www.quangbinhuni.edu.vn; Bộ GDĐT=https://qbu.edu.vn
"Trường Quốc tế, Đại học Quốc gia Hà Nội",website,https://is.vnu.edu.vn,Wikidata/viwiki=https://www.is.vnu.edu.vn/; Bộ GDĐT=https://is.vnu.edu.vn
Học viện Tòa án,email,phongquanlydaotaohvta@gmail.com,viwiki=hvta@toaan.gov.vn; Bộ GDĐT=phongquanlydaotaohvta@gmail.com
"Khoa Quốc tế Pháp ngữ, Đại học Quốc gia Hà Nội",website,https://ifi.vnu.edu.vn,Wikidata/viwiki=http://www.ifi.auf.org; Bộ GDĐT=https://ifi.vnu.edu.vn
Trường Đại học Nha Trang,website,https://ntu.edu.vn,Wikidata/viwiki=http://www.ntu.edu.vn/; Bộ GDĐT=https://ntu.edu.vn
Học viện Hàng không Việt Nam,founding_year,1979,wikidata=2006; viwiki=1979; dbpedia=2006
Trường Đại học Đồng Tháp,website,https://dthu.edu.vn/,Wikidata/viwiki=http://www.dthu.edu.vn/; Bộ GDĐT=https://dthu.edu.vn/
Trường Đại học Kiến trúc Thành phố Hồ Chí Minh,founding_year,1926,wikidata=1976; viwiki=1926; dbpedia=1976
Đại học Bách khoa Hà Nội,website,https://hust.edu.vn/,Wikidata/viwiki=http://www.hust.edu.vn; Bộ GDĐT=https://hust.edu.vn/
Đại học Bách khoa Hà Nội,email,vp@hust.edu.vn,viwiki=hcth@hust.edu.vn; Bộ GDĐT=vp@hust.edu.vn
"Trường Đại học Bách khoa, Đại học Quốc gia Thành phố Hồ Chí Minh",founding_year,1957,wikidata=1957; viwiki=1957; dbpedia=1962
Trường Đại học Đà Lạt,founding_year,1957,wikidata=1957; viwiki=1976; dbpedia=1957; dbpedia=1976
Trường Đại học Đà Lạt,website,https://dlu.edu.vn,Wikidata/viwiki=http://www.dlu.edu.vn/; Bộ GDĐT=https://dlu.edu.vn
Trường Đại học Sài Gòn,founding_year,1972,wikidata=2003; viwiki=1972; dbpedia=2007
Trường Đại học Sài Gòn,website,https://sgu.edu.vn,Wikidata/viwiki=http://www.sgu.edu.vn; Bộ GDĐT=https://sgu.edu.vn
Trường Đại học Mỹ thuật Việt Nam,founding_year,1924,wikidata=1925; viwiki=1924
Trường Đại học Mỹ thuật Việt Nam,website,https://mythuatvietnam.edu.vn,Wikidata/viwiki=http://mythuatvietnam.edu.vn/; Bộ GDĐT=https://mythuatvietnam.edu.vn
Học viện Kỹ thuật Quân sự,website,https://mta.edu.vn/,Wikidata/viwiki=http://www.lqdtu.edu.vn; Bộ GDĐT=https://mta.edu.vn/
Trường Đại học Y Hà Nội,website,https://hmu.edu.vn,Wikidata/viwiki=http://www.hmu.edu.vn; Bộ GDĐT=https://hmu.edu.vn
"Trường Đại học Kinh tế, Đại học Đà Nẵng",email,kinhtedanang@due.edu.vn,viwiki=media@due.edu.vn; Bộ GDĐT=kinhtedanang@due.edu.vn
"Trường Đại học Bách khoa, Đại học Đà Nẵng",website,https://dut.udn.vn/,Wikidata/viwiki=http://www.dut.edu.vn/en/; Bộ GDĐT=https://dut.udn.vn/
"Trường Đại học Bách khoa, Đại học Đà Nẵng",email,tchc.dhbk@dut.udn.vn,viwiki=dhbk@ud.edu.vn; Bộ GDĐT=tchc.dhbk@dut.udn.vn
Đại học Duy Tân,website,https://duytan.edu.vn,Wikidata/viwiki=http://www.duytan.edu.vn/; Bộ GDĐT=https://duytan.edu.vn
Trường Đại học Điện lực,founding_year,1898,wikidata=2006; viwiki=1898
Trường Đại học Điện lực,website,https://epu.edu.vn,Wikidata/viwiki=http://www.epu.edu.vn; Bộ GDĐT=https://epu.edu.vn
Trường Đại học Ngoại thương,admission_codes,NTH,"viwiki=NTH,NTS; Bộ GDĐT=NTH"
Trường Đại học Ngoại thương,website,https://ftu.edu.vn,Wikidata/viwiki=https://www.ftu.edu.vn/; Bộ GDĐT=https://ftu.edu.vn
Trường Đại học Ngoại thương,province,Hà Nội,viwiki-địa chỉ=Hà Nội; wikidata=Thành phố Hồ Chí Minh; wikidata=Hà Nội
Trường Đại học Hải Phòng,founding_year,1959,wikidata=1968; viwiki=1959
Trường Đại học Hải Phòng,website,https://dhhp.edu.vn,Wikidata/viwiki=http://www.dhhp.edu.vn/; Bộ GDĐT=https://dhhp.edu.vn
Trường Đại học Hải Phòng,email,daihoc@haiphong.gov.vn,viwiki=info@dhhp.edu.vn; Bộ GDĐT=daihoc@haiphong.gov.vn
Học viện Âm nhạc Quốc gia Việt Nam,website,https://vnam.edu.vn,Wikidata/viwiki=https://www.vnam.edu.vn/; Bộ GDĐT=https://vnam.edu.vn
Trường Đại học Y tế công cộng,website,https://huph.edu.vn,Wikidata/viwiki=https://huph.edu.vn/english/; Bộ GDĐT=https://huph.edu.vn
Trường Đại học Sư phạm Hà Nội,founding_year,1951,wikidata=1951; viwiki=1951; dbpedia=1951; dbpedia=1975; dbpedia=1993; dbpedia=1999
Trường Đại học Sư phạm Hà Nội,website,https://hnue.edu.vn,Wikidata/viwiki=http://english.hnue.edu.vn/; Bộ GDĐT=https://hnue.edu.vn
Trường Đại học Sư phạm Hà Nội,email,p.hcdn@hnue.edu.vn,viwiki=vanthu@dhsphn.edu.vn; Bộ GDĐT=p.hcdn@hnue.edu.vn
"Trường Đại học Khoa học Tự nhiên, Đại học Quốc gia Hà Nội",founding_year,1904,wikidata=1904; viwiki=1993; dbpedia=1993
"Trường Đại học Khoa học Tự nhiên, Đại học Quốc gia Hà Nội",email,hus@vnu.edu.vn,viwiki=dhkhtnhn@vnn.vn; Bộ GDĐT=hus@vnu.edu.vn
Trường Đại học Ngoại ngữ – Tin học Thành phố Hồ Chí Minh,founding_year,1992,wikidata=1994; viwiki=1994; dbpedia=1992
"Trường Đại học Khoa học Tự nhiên, Đại học Quốc gia Thành phố Hồ Chí Minh",founding_year,1941,wikidata=1942; viwiki=1941; dbpedia=1941
"Trường Đại học Khoa học Xã hội và Nhân văn, Đại học Quốc gia Thành phố Hồ Chí Minh",founding_year,1955,wikidata=1955; viwiki=1957
Trường Đại học Luật Thành phố Hồ Chí Minh,founding_year,1976,wikidata=1976; viwiki=1996; dbpedia=1996
Trường Đại học FPT,email,daihocfpt@fpt.edu.vn,viwiki=fpteducation@fpt.edu.vn; Bộ GDĐT=daihocfpt@fpt.edu.vn
"Trường Đại học Kinh tế, Đại học Huế",website,https://hce.edu.vn,Wikidata/viwiki=http://hce.edu.vn/; Bộ GDĐT=https://hce.edu.vn
"Trường Đại học Luật, Đại học Huế",website,https://hul.edu.vn,Wikidata/viwiki=http://hul.edu.vn/; Bộ GDĐT=https://hul.edu.vn
Trường Đại học Xây dựng Miền Tây,website,https://mtu.edu.vn,Wikidata/viwiki=http://mtu.edu.vn/; Bộ GDĐT=https://mtu.edu.vn
Trường Đại học Kiến trúc Hà Nội,website,https://hau.edu.vn,Wikidata/viwiki=http://hau.edu.vn/; Bộ GDĐT=https://hau.edu.vn
Trường Đại học Xây dựng Hà Nội,website,https://huce.edu.vn,Wikidata/viwiki=http://nuce.edu.vn; Bộ GDĐT=https://huce.edu.vn
Trường Đại học Hạ Long,website,https://uhl.edu.vn,Wikidata/viwiki=http://www.uhl.edu.vn; Bộ GDĐT=https://uhl.edu.vn
Trường Đại học Hạ Long,email,phongdaotao.dhhl@moet.edu.vn,viwiki=tonghop@daihochalong.edu.vn; Bộ GDĐT=phongdaotao.dhhl@moet.edu.vn
Học viện Múa Việt Nam,website,https://www.vnad.edu.vn,Wikidata/viwiki=http://www.vnad.edu.vn; Bộ GDĐT=https://www.vnad.edu.vn
Trường Đại học Kiên Giang,website,https://vnkgu.edu.vn,Wikidata/viwiki=https://www.vnkgu.edu.vn; Bộ GDĐT=https://vnkgu.edu.vn
Trường Đại học Quốc tế Hồng Bàng,website,https://hiu.vn,Wikidata/viwiki=http://hiu.vn; Bộ GDĐT=https://hiu.vn
Đại học Kinh tế Quốc dân,website,https://neu.edu.vn,Wikidata/viwiki=http://www.en.neu.edu.vn/; Bộ GDĐT=https://neu.edu.vn
Trường Đại học Quốc tế RMIT Việt Nam,founding_year,2000,wikidata=2000; wikidata=2001; viwiki=2001
Trường Đại học Công nghệ Sài Gòn,website,https://stu.edu.vn,Wikidata/viwiki=http://www.stu.edu.vn; Bộ GDĐT=https://stu.edu.vn
Trường Đại học Công nghệ Sài Gòn,email,stu@stu.edu.vn,viwiki=info@stu.edu.vn; Bộ GDĐT=stu@stu.edu.vn
"Trường Đại học Ngoại ngữ, Đại học Quốc gia Hà Nội",website,https://ulis.vnu.edu.vn,Wikidata/viwiki=http://www.ulis.vnu.edu.vn/; Bộ GDĐT=https://ulis.vnu.edu.vn
Trường Đại học Công nghệ Kỹ thuật Hưng Yên,founding_year,1966,wikidata=2003; viwiki=1966; dbpedia=2003
Trường Đại học Công nghệ Kỹ thuật Hưng Yên,website,https://utehy.edu.vn,Wikidata/viwiki=http://www.utehy.edu.vn; Bộ GDĐT=https://utehy.edu.vn
Trường Đại học Văn Hiến,founding_year,1997,wikidata=1997; viwiki=1997; dbpedia=1997; dbpedia=2022
Trường Đại học Văn Hiến,website,https://vhu.edu.vn,Wikidata/viwiki=http://www.vhu.edu.vn; Bộ GDĐT=https://vhu.edu.vn
Trường Đại học Văn Lang,website,https://www.vlu.edu.vn,Wikidata/viwiki=http://www.vanlanguni.edu.vn; Bộ GDĐT=https://www.vlu.edu.vn
Trường Đại học Công nghệ Vạn Xuân,website,https://vxut.edu.vn,Wikidata/viwiki=https://www.vxut.edu.vn/; Bộ GDĐT=https://vxut.edu.vn
Học viện Hải quân,website,https://hocvienhaiquan.edu.vn,Wikidata/viwiki=http://hocvienhaiquan.edu.vn/; Bộ GDĐT=https://hocvienhaiquan.edu.vn
Trường Đại học Thủy lợi,website,https://tlu.edu.vn,Wikidata/viwiki=http://tlu.edu.vn; Bộ GDĐT=https://tlu.edu.vn
Trường Đại học Việt Đức,website,https://vgu.edu.vn,Wikidata/viwiki=http://www.vgu.edu.vn; Bộ GDĐT=https://vgu.edu.vn
Trường Đại học Mở Hà Nội,website,https://hou.edu.vn,Wikidata/viwiki=http://www.hou.edu.vn; Bộ GDĐT=https://hou.edu.vn
Trường Đại học VinUni,founding_year,2018,wikidata=2018; viwiki=2019; dbpedia=2018
Trường Đại học VinUni,website,https://vinuni.edu.vn,Wikidata/viwiki=http://vinuni.edu.vn/; Bộ GDĐT=https://vinuni.edu.vn
"Viện Trần Nhân Tông, Đại học Quốc gia Hà Nội",website,https://tnti.edu.vnu.edu,Wikidata/viwiki=https://tnti.vnu.edu.vn; Bộ GDĐT=https://tnti.edu.vnu.edu
Trường Đại học Mỹ thuật Thành phố Hồ Chí Minh,founding_year,1913,wikidata=1913; viwiki=1913; dbpedia=1976
Đại học Đà Nẵng,website,https://www.udn.vn,Wikidata/viwiki=http://www.udn.vn/; Bộ GDĐT=https://www.udn.vn
Học viện Thanh thiếu niên Việt Nam,website,https://vya.edu.vn,Wikidata/viwiki=http://vya.edu.vn/; Bộ GDĐT=https://vya.edu.vn
Học viện Thanh thiếu niên Việt Nam,email,phongtchchvttn@gmail.com,viwiki=vya@edu.vn; Bộ GDĐT=phongtchchvttn@gmail.com
Trường Đại học Công nghiệp và Thương mại Hà Nội,website,https://hict.edu.vn,Wikidata/viwiki=http://hict.edu.vn/; Bộ GDĐT=https://hict.edu.vn
Trường Đại học Y Dược Thành phố Hồ Chí Minh,website,https://ump.edu.vn,Wikidata/viwiki=http://yds.edu.vn; Bộ GDĐT=https://ump.edu.vn
Trường Đại học Y Dược Thành phố Hồ Chí Minh,email,hanhchinh@ump.edu.vn,viwiki=daihocyduoc@ump.edu.vn; Bộ GDĐT=hanhchinh@ump.edu.vn
Trần Văn Cẩn,birth_date,1910-08-13,wikidata=1910-08-13; wikidata=1910-10-13
Bích Ngân,birth_date,1960-08-11,wikidata=1960-08-11; wikidata=1960-11-08
Trần Văn Túy,birth_date,1957-01-01,wikidata=1957-01-01; wikidata=1957-07-20
Phan Đăng Di,birth_date,1976-08-05,wikidata=1976-08-05; wikidata=1976-12-28
Ngoc Chau Tran,birth_date,1982-01-01,wikidata=1982-01-01; wikidata=1982-05-01
