key,name,reason
Q101000030,Dong Nai University of Technology,"chỉ có trong Wikidata, không có nhãn tiếng Việt và bài viwiki — không kiểm chứng chéo được (có thể là bản trùng)"
Q101000034,University of Danang College of Economics,"đơn vị cấp khoa/bộ môn, không có nhãn tiếng Việt"
Q101000036,University of Danang College of Education,"đơn vị cấp khoa/bộ môn, không có nhãn tiếng Việt"
Q101000037,University of Danang College of Foreign Languages,"đơn vị cấp khoa/bộ môn, không có nhãn tiếng Việt"
Q101000041,University of Danang Faculty of Medicine and Pharmacy,"đơn vị cấp khoa/bộ môn, không có nhãn tiếng Việt"
Q101000047,University of Danang School of Technology,"đơn vị cấp khoa/bộ môn, không có nhãn tiếng Việt"
Q101000050,Danang University of Science and Technology,"chỉ có trong Wikidata, không có nhãn tiếng Việt và bài viwiki — không kiểm chứng chéo được (có thể là bản trùng)"
Q101000053,Haiphong Private University,"chỉ có trong Wikidata, không có nhãn tiếng Việt và bài viwiki — không kiểm chứng chéo được (có thể là bản trùng)"
Q101000061,Hanoi University of Industrial Fine Arts,"chỉ có trong Wikidata, không có nhãn tiếng Việt và bài viwiki — không kiểm chứng chéo được (có thể là bản trùng)"
Q101000068,Hanoi University of Science and Technology Faculty of Physical Education,"đơn vị cấp khoa/bộ môn, không có nhãn tiếng Việt"
Q101000098,Vietnam National University Faculty of History,"đơn vị cấp khoa/bộ môn, không có nhãn tiếng Việt"
Q101000102,Vietnam National University Faculty of Sociology,"đơn vị cấp khoa/bộ môn, không có nhãn tiếng Việt"
Q101000113,Ho Chi Minh City University of Fine Art,"chỉ có trong Wikidata, không có nhãn tiếng Việt và bài viwiki — không kiểm chứng chéo được (có thể là bản trùng)"
Q101000120,Ho Chi Minh City University of Medicine and Pharmacy Faculty of Medicine,"đơn vị cấp khoa/bộ môn, không có nhãn tiếng Việt"
Q101000123,Ho Chi Minh City University of Pedagogy Faculty of Foreign Languages,"đơn vị cấp khoa/bộ môn, không có nhãn tiếng Việt"
Q101000130,Ho Chi Minhh City University of Transport,"chỉ có trong Wikidata, không có nhãn tiếng Việt và bài viwiki — không kiểm chứng chéo được (có thể là bản trùng)"
Q101000133,University of Social Sciences and Humanities Faculty of Anthropology,"đơn vị cấp khoa/bộ môn, không có nhãn tiếng Việt"
Q101000139,University of Social Sciences and Humanities Faculty of Oriental Studies,"đơn vị cấp khoa/bộ môn, không có nhãn tiếng Việt"
Q101000144,University of Social Sciences and Humanities Faculty of Sociology,"đơn vị cấp khoa/bộ môn, không có nhãn tiếng Việt"
Q101000147,Hue University College of Arts,"đơn vị cấp khoa/bộ môn, không có nhãn tiếng Việt"
Q101000149,Hue University College of Economics,"đơn vị cấp khoa/bộ môn, không có nhãn tiếng Việt"
Q101000153,Hue University College of Education,"đơn vị cấp khoa/bộ môn, không có nhãn tiếng Việt"
Q101000158,Hue University College of Foreign Languages,"đơn vị cấp khoa/bộ môn, không có nhãn tiếng Việt"
Q101000169,University of Technology and Education Faculty of Basic Sciences,"đơn vị cấp khoa/bộ môn, không có nhãn tiếng Việt"
Q101000172,University of Technology and Education Faculty of Chemical and Environmental Technology,"đơn vị cấp khoa/bộ môn, không có nhãn tiếng Việt"
Q101000173,University of Technology and Education Faculty of Electronic and Electrical Engineering,"đơn vị cấp khoa/bộ môn, không có nhãn tiếng Việt"
Q101000176,University of Technology and Education Faculty of Fashion Design,"đơn vị cấp khoa/bộ môn, không có nhãn tiếng Việt"
Q101000180,University of Technology and Education Faculty of Foreign Languages,"đơn vị cấp khoa/bộ môn, không có nhãn tiếng Việt"
Q101000187,University of Technology and Education Faculty of Information Technology,"đơn vị cấp khoa/bộ môn, không có nhãn tiếng Việt"
Q101000190,University of Technology and Education Faculty of Mechanical Dynamics,"đơn vị cấp khoa/bộ môn, không có nhãn tiếng Việt"
Q101000193,University of Technology and Education Faculty of Mechanical Technology,"đơn vị cấp khoa/bộ môn, không có nhãn tiếng Việt"
Q101000196,University of Technology and Education Faculty of Political Theory,"đơn vị cấp khoa/bộ môn, không có nhãn tiếng Việt"
Q101000199,Thai Binh Medical University,"chỉ có trong Wikidata, không có nhãn tiếng Việt và bài viwiki — không kiểm chứng chéo được (có thể là bản trùng)"
Q101000203,Tra Vinh University Faculty of Education,"đơn vị cấp khoa/bộ môn, không có nhãn tiếng Việt"
Q101000214,Tra Vinh University Department of Electrical Refrigeration,"đơn vị cấp khoa/bộ môn, không có nhãn tiếng Việt"
Q101000218,Tra Vinh University Department of Electronic Engineering Telecommunications,"đơn vị cấp khoa/bộ môn, không có nhãn tiếng Việt"
Q101000220,Tra Vinh University Department of Finance and Banking,"đơn vị cấp khoa/bộ môn, không có nhãn tiếng Việt"
Q101000225,Tra Vinh University Department of Law,"đơn vị cấp khoa/bộ môn, không có nhãn tiếng Việt"
Q101000228,Tra Vinh University Department of Mechanics Dynamics,"đơn vị cấp khoa/bộ môn, không có nhãn tiếng Việt"
Q101000234,Tra Vinh University Faculty of Basic Sciences,"đơn vị cấp khoa/bộ môn, không có nhãn tiếng Việt"
Q101000239,Tra Vinh University School of Engineering and Technology,"đơn vị cấp khoa/bộ môn, không có nhãn tiếng Việt"
Q10828873,"Trường Phổ thông Năng khiếu, Đại học Quốc gia Thành phố Hồ Chí Minh",không phải cơ sở GDĐH (trường phổ thông / bài không phải tổ chức)
Q10828937,"Trường Trung học phổ thông chuyên, Trường Đại học Sư phạm Hà Nội",không phải cơ sở GDĐH (trường phổ thông / bài không phải tổ chức)
Q10828960,"Trường Trung học phổ thông chuyên Khoa học Tự nhiên, Đại học Quốc gia Hà Nội",không phải cơ sở GDĐH (trường phổ thông / bài không phải tổ chức)
Q10841214,Đại học Cần Thơ,"trang hệ thống Wikimedia (định hướng / thể loại / bản mẫu / danh sách), không phải tổ chức"
Q16480612,"Trường Trung học phổ thông chuyên, Trường Đại học Vinh",không phải cơ sở GDĐH (trường phổ thông / bài không phải tổ chức)
Q17073291,MICA Institute,"chỉ có trong Wikidata, không có nhãn tiếng Việt và bài viwiki — không kiểm chứng chéo được (có thể là bản trùng)"
Q19645950,History of Trà Vinh University,không phải cơ sở GDĐH (trường phổ thông / bài không phải tổ chức)
Q2707502,Quảng Nam University,"trùng với Q10829117 — gộp, giữ owl:sameAs"
Q30257165,Hanoi Law University,"trùng với Q10829088 — gộp, giữ owl:sameAs"
Q3551454,Hai Phong Medical University,"chỉ có trong Wikidata, không có nhãn tiếng Việt và bài viwiki — không kiểm chứng chéo được (có thể là bản trùng)"
Q43896632,Vietnam Military Medical University,"chỉ có trong Wikidata, không có nhãn tiếng Việt và bài viwiki — không kiểm chứng chéo được (có thể là bản trùng)"
Q50309576,Hanoi Pedagogical University 2,"trùng với Q10829128 — gộp, giữ owl:sameAs"
Q7713573,The American University of Vietnam,"chỉ có trong Wikidata, không có nhãn tiếng Việt và bài viwiki — không kiểm chứng chéo được (có thể là bản trùng)"
Q77957779,The International Center for Interdisciplinary Science and Education,"chỉ có trong Wikidata, không có nhãn tiếng Việt và bài viwiki — không kiểm chứng chéo được (có thể là bản trùng)"
Q7928650,"Danh sách trường đại học, cao đẳng quân sự Việt Nam",không phải cơ sở GDĐH (trường phổ thông / bài không phải tổ chức)
Q86012392,"Trường Trung học phổ thông Khoa học Giáo dục, Đại học Quốc gia Hà Nội",không phải cơ sở GDĐH (trường phổ thông / bài không phải tổ chức)
Q99290776,Hanoi University of Science and Technology School of Chemical Engineering,"đơn vị cấp khoa/bộ môn, không có nhãn tiếng Việt"
Q99290777,Hanoi University of Science and Technology School of Electrical Engineering,"đơn vị cấp khoa/bộ môn, không có nhãn tiếng Việt"
Q99290778,Hanoi University of Science and Technology School of Electronics and Telecommunications,"đơn vị cấp khoa/bộ môn, không có nhãn tiếng Việt"
Q99290781,Hanoi University of Science and Technology School of Engineering Pedagogy,"đơn vị cấp khoa/bộ môn, không có nhãn tiếng Việt"
Q99290782,Hanoi University of Science and Technology School of Engineering Physics,"đơn vị cấp khoa/bộ môn, không có nhãn tiếng Việt"
Q99290783,Hanoi University of Science and Technology School of Heat Engineering and Refrigeration,"đơn vị cấp khoa/bộ môn, không có nhãn tiếng Việt"
Q99290784,Hanoi University of Science and Technology School of Material Science and Engineering,"đơn vị cấp khoa/bộ môn, không có nhãn tiếng Việt"
Q99290785,Hanoi University of Science and Technology School of Mechanical Engineering,"đơn vị cấp khoa/bộ môn, không có nhãn tiếng Việt"
Q99290786,Hanoi University of Science and Technology School of Nuclear Engineering and Environmental Physics,"đơn vị cấp khoa/bộ môn, không có nhãn tiếng Việt"
Q99290787,Hanoi University of Science and Technology School of Transportation Engineering,"đơn vị cấp khoa/bộ môn, không có nhãn tiếng Việt"
Q99298383,Hanoi Law University,"trùng với Q10829088 — gộp, giữ owl:sameAs"
vi:Đại học và cao đẳng sư phạm Việt Nam,Đại học và cao đẳng sư phạm Việt Nam,không phải cơ sở GDĐH (trường phổ thông / bài không phải tổ chức)
Q5649327,Trường Đại học Y tế công cộng,"trùng với Q10829176 (cùng tên, cùng đang hoạt động) — gộp, giữ owl:sameAs"
Q20026261,Trường Đại học Phòng cháy chữa cháy,"trùng với Q141519935 (đổi tên/chuyển đổi theo Quyết định của Thủ tướng Chính phủ (công bố 04/08/2026)) — gộp, giữ owl:sameAs"
