entity,field,value,source
Học viện Chính trị Quốc gia Hồ Chí Minh,coordinates,"21.044844, 105.790238",địa chỉ → OpenStreetMap Nominatim (kiểm tra cùng tỉnh)
Học viện Cảnh sát nhân dân,ownership,public,viwiki – đoạn mở đầu
Học viện Khoa học Xã hội,ownership,public,Wikidata – mô tả
Học viện Khoa học Xã hội,governed_by/member_of,Viện Hàn lâm Khoa học xã hội Việt Nam,viwiki – đoạn mở đầu
Học viện Kỹ thuật Mật mã,ownership,public,viwiki – đoạn mở đầu
Học viện Quân chính,founding_year,1961,viwiki – đoạn mở đầu
Học viện Quân chính,province,Hà Nội,viwiki – đoạn mở đầu
Học viện Quản lý giáo dục,coordinates,"20.991106, 105.839408",địa chỉ → OpenStreetMap Nominatim (kiểm tra cùng tỉnh)
Học viện Tài chính,coordinates,"21.075248, 105.773553",địa chỉ → OpenStreetMap Nominatim (kiểm tra cùng tỉnh)
Học viện Tài chính,governed_by/member_of,Bộ Tài chính,viwiki – đoạn mở đầu
Học viện Tư pháp,coordinates,"21.043832, 105.77413",địa chỉ → OpenStreetMap Nominatim (kiểm tra cùng tỉnh)
Học viện Y – Dược học cổ truyền Việt Nam,coordinates,"20.983273, 105.791509",địa chỉ → OpenStreetMap Nominatim (kiểm tra cùng tỉnh)
Học viện Y – Dược học cổ truyền Việt Nam,governed_by/member_of,Bộ Y tế,viwiki – đoạn mở đầu
"Trường Quản trị và Kinh doanh, Đại học Quốc gia Hà Nội",coordinates,"21.036807, 105.785613",địa chỉ → OpenStreetMap Nominatim (kiểm tra cùng tỉnh)
Phân hiệu Đại học Đà Nẵng tại Kon Tum,coordinates,"14.361076, 107.998685",địa chỉ → OpenStreetMap Nominatim (kiểm tra cùng tỉnh)
Trường Đại học Kỹ thuật – Công nghệ Cần Thơ,coordinates,"10.047173, 105.767826",địa chỉ → OpenStreetMap Nominatim (kiểm tra cùng tỉnh)
Trường Cao đẳng Công nghệ Thông tin Đà Nẵng,coordinates,"16.054358, 108.244354",địa chỉ → OpenStreetMap Nominatim (kiểm tra cùng tỉnh)
"Trường Đại học Sư phạm Kỹ thuật, Đại học Đà Nẵng",coordinates,"16.077851, 108.213211",địa chỉ → OpenStreetMap Nominatim (kiểm tra cùng tỉnh)
"Phân hiệu Long An, Trường Đại học Sư phạm Thành phố Hồ Chí Minh",province,Thành phố Hồ Chí Minh,địa danh trong tên
Trường Đại học Khánh Hòa,coordinates,"12.245538, 109.193122",địa chỉ → OpenStreetMap Nominatim (kiểm tra cùng tỉnh)
Trường Cao đẳng Đà Lạt,founding_year,1927,DBpedia (infobox Wikipedia tiếng Anh)
Trường Sĩ quan Công binh – Đại học Ngô Quyền,founding_year,1955,viwiki – đoạn mở đầu
Trường Sĩ quan Công binh – Đại học Ngô Quyền,province,Thành phố Hồ Chí Minh,viwiki – đoạn mở đầu
Trường Sĩ quan Công binh – Đại học Ngô Quyền,governed_by/member_of,Binh chủng Công binh của Bộ Quốc phòng,viwiki – đoạn mở đầu
Trường Đại học Công nghiệp Việt Trì,governed_by/member_of,Bộ Công Thương,viwiki – đoạn mở đầu
Trường Đại học Bà Rịa – Vũng Tàu,coordinates,"10.343453, 107.07813",địa chỉ → OpenStreetMap Nominatim (kiểm tra cùng tỉnh)
Trường Đại học Bạc Liêu,coordinates,"9.291609, 105.712491",địa chỉ → OpenStreetMap Nominatim (kiểm tra cùng tỉnh)
Trường Đại học Công nghiệp Quảng Ninh,governed_by/member_of,Bộ Công Thương,viwiki – đoạn mở đầu
Trường Đại học Công Thương Thành phố Hồ Chí Minh,coordinates,"10.807035, 106.628703",địa chỉ → OpenStreetMap Nominatim (kiểm tra cùng tỉnh)
Trường Đại học Công nghệ Thành phố Hồ Chí Minh,coordinates,"10.800906, 106.714296",địa chỉ → OpenStreetMap Nominatim (kiểm tra cùng tỉnh)
"Trường Đại học Công nghệ thông tin và Truyền thông, Đại học Thái Nguyên",coordinates,"21.576455, 105.813679",địa chỉ → OpenStreetMap Nominatim (kiểm tra cùng tỉnh)
Trường Đại học Dầu khí Việt Nam,ownership,public,viwiki – đoạn mở đầu
Trường Đại học Dầu khí Việt Nam,coordinates,"10.493519, 107.178424",địa chỉ → OpenStreetMap Nominatim (kiểm tra cùng tỉnh)
Trường Đại học Giao thông Vận tải,coordinates,"21.028778, 105.803577",địa chỉ → OpenStreetMap Nominatim (kiểm tra cùng tỉnh)
Trường Đại học Hoa Lư,coordinates,"20.267428, 105.949313",địa chỉ → OpenStreetMap Nominatim (kiểm tra cùng tỉnh)
Trường Đại học Hoa Lư,governed_by/member_of,Ủy ban nhân dân tỉnh Ninh Bình,viwiki – đoạn mở đầu
Trường Đại học Hà Tĩnh,coordinates,"18.304185, 105.962251",địa chỉ → OpenStreetMap Nominatim (kiểm tra cùng tỉnh)
Trường Đại học Hùng Vương,coordinates,"21.329928, 105.37495",địa chỉ → OpenStreetMap Nominatim (kiểm tra cùng tỉnh)
"Trường Đại học Khoa học, Đại học Thái Nguyên",coordinates,"21.587591, 105.797951",địa chỉ → OpenStreetMap Nominatim (kiểm tra cùng tỉnh)
"Trường Đại học Khoa học, Đại học Huế",founding_year,1957,viwiki – đoạn mở đầu
"Trường Đại học Khoa học Xã hội và Nhân văn, Đại học Quốc gia Hà Nội",coordinates,"20.993488, 105.805671",địa chỉ → OpenStreetMap Nominatim (kiểm tra cùng tỉnh)
Trường Đại học Kinh tế – Kỹ thuật Công nghiệp,governed_by/member_of,Bộ Công Thương,viwiki – đoạn mở đầu
"Trường Đại học Kinh tế – Luật, Đại học Quốc gia Thành phố Hồ Chí Minh",coordinates,"10.867874, 106.781687",địa chỉ → OpenStreetMap Nominatim (kiểm tra cùng tỉnh)
Trường Đại học Kinh tế – Tài chính Thành phố Hồ Chí Minh,coordinates,"10.798702, 106.723092",địa chỉ → OpenStreetMap Nominatim (kiểm tra cùng tỉnh)
Trường Đại học Kinh tế Công nghiệp Long An,coordinates,"10.505349, 106.380578",địa chỉ → OpenStreetMap Nominatim (kiểm tra cùng tỉnh)
"Trường Đại học Kinh tế và Quản trị kinh doanh, Đại học Thái Nguyên",coordinates,"21.587379, 105.840539",địa chỉ → OpenStreetMap Nominatim (kiểm tra cùng tỉnh)
Trường Đại học Luật Hà Nội,ownership,public,viwiki – đoạn mở đầu
Trường Đại học Luật Hà Nội,governed_by/member_of,Bộ Tư pháp,viwiki – đoạn mở đầu
Trường Đại học Lâm nghiệp,coordinates,"20.861247, 105.602474",địa chỉ → OpenStreetMap Nominatim (kiểm tra cùng tỉnh)
Trường Đại học Lâm nghiệp,governed_by/member_of,Bộ Nông nghiệp và Môi trường,viwiki – đoạn mở đầu
Phân hiệu Trường Đại học Ngoại thương tại Thành phố Hồ Chí Minh,coordinates,"10.799291, 106.717844",địa chỉ → OpenStreetMap Nominatim (kiểm tra cùng tỉnh)
Trường Sĩ quan Lục quân 2 – Đại học Nguyễn Huệ,ownership,public,Wikidata – mô tả
Trường Đại học Nội vụ Hà Nội,province,Hà Nội,địa danh trong tên
Trường Đại học Phương Đông,coordinates,"21.006036, 105.800004",địa chỉ → OpenStreetMap Nominatim (kiểm tra cùng tỉnh)
Trường Đại học Phạm Văn Đồng,governed_by/member_of,Ủy ban nhân dân tỉnh Quảng Ngãi,viwiki – đoạn mở đầu
Trường Đại học Quy Nhơn,coordinates,"13.759397, 109.217264",địa chỉ → OpenStreetMap Nominatim (kiểm tra cùng tỉnh)
Trường Đại học Quốc tế Bắc Hà,coordinates,"21.131463, 106.004012",địa chỉ → OpenStreetMap Nominatim (kiểm tra cùng tỉnh)
Trường Đại học Răng Hàm Mặt,dissolution_year,2009,viwiki – đoạn mở đầu
Trường Đại học Sao Đỏ,governed_by/member_of,Bộ Công Thương,viwiki – đoạn mở đầu
"Trường Đại học Sư phạm, Đại học Đà Nẵng",coordinates,"16.06165, 108.159115",địa chỉ → OpenStreetMap Nominatim (kiểm tra cùng tỉnh)
Trường Đại học Công nghệ Kỹ thuật Vinh,coordinates,"18.659562, 105.697031",địa chỉ → OpenStreetMap Nominatim (kiểm tra cùng tỉnh)
Trường Đại học Sư phạm Nghệ thuật Trung ương,governed_by/member_of,Bộ Giáo dục và Đào tạo,viwiki – đoạn mở đầu
Trường Đại học Thái Bình,ownership,public,viwiki – đoạn mở đầu
Trường Đại học Thương mại,coordinates,"21.035966, 105.774414",địa chỉ → OpenStreetMap Nominatim (kiểm tra cùng tỉnh)
Trường Đại học Thương mại,governed_by/member_of,Bộ Giáo dục và Đào tạo,viwiki – đoạn mở đầu
Trường Đại học Thể dục Thể thao Đà Nẵng,coordinates,"16.07078, 108.181015",địa chỉ → OpenStreetMap Nominatim (kiểm tra cùng tỉnh)
Trường Sĩ quan Lục quân 1 – Đại học Trần Quốc Tuấn,coordinates,"21.041597, 105.462682",địa chỉ → OpenStreetMap Nominatim (kiểm tra cùng tỉnh)
Trường Đại học Trần Đại Nghĩa,governed_by/member_of,Tổng cục Hậu cần–Kỹ thuật,viwiki – đoạn mở đầu
Trường Đại học Tài nguyên và Môi trường Thành phố Hồ Chí Minh,coordinates,"10.799246, 106.661606",địa chỉ → OpenStreetMap Nominatim (kiểm tra cùng tỉnh)
Trường Đại học Tài nguyên và Môi trường Thành phố Hồ Chí Minh,governed_by/member_of,Bộ Nông nghiệp và Môi trường,viwiki – đoạn mở đầu
Trường Đại học Tây Bắc,coordinates,"21.306063, 103.938898",địa chỉ → OpenStreetMap Nominatim (kiểm tra cùng tỉnh)
Trường Đại học Tổng hợp Hà Nội,founding_year,1956,viwiki – đoạn mở đầu
Trường Đại học Tổng hợp Hà Nội,dissolution_year,1993,viwiki – đoạn mở đầu
Trường Đại học Võ Trường Toản,coordinates,"9.968483, 105.737531",địa chỉ → OpenStreetMap Nominatim (kiểm tra cùng tỉnh)
Trường Đại học Văn hóa – Nghệ thuật Quân đội,coordinates,"21.018366, 105.807098",địa chỉ → OpenStreetMap Nominatim (kiểm tra cùng tỉnh)
Trường Đại học Văn hóa Hà Nội,governed_by/member_of,"Bộ Văn hóa, Thể thao và Du lịch",viwiki – đoạn mở đầu
Trường Đại học Xây dựng Miền Trung,coordinates,"13.094427, 109.318311",địa chỉ → OpenStreetMap Nominatim (kiểm tra cùng tỉnh)
"Trường Đại học Y Dược, Đại học Thái Nguyên",coordinates,"21.592391, 105.825156",địa chỉ → OpenStreetMap Nominatim (kiểm tra cùng tỉnh)
Trường Đại học Điều dưỡng Nam Định,coordinates,"20.433957, 106.180231",địa chỉ → OpenStreetMap Nominatim (kiểm tra cùng tỉnh)
Trường Đại học Đại Nam,coordinates,"20.942057, 105.75678",địa chỉ → OpenStreetMap Nominatim (kiểm tra cùng tỉnh)
Viện Đại học Cần Thơ,founding_year,1966,viwiki – đoạn mở đầu
Viện Đại học Cần Thơ,ownership,public,viwiki – đoạn mở đầu
Viện Đại học Cần Thơ,province,Cần Thơ,viwiki – đoạn mở đầu
Viện Đại học Huế,founding_year,1957,viwiki – đoạn mở đầu
Viện Đại học Huế,dissolution_year,1975,viwiki – đoạn mở đầu
Viện Đại học Huế,ownership,public,viwiki – đoạn mở đầu
Viện Đại học Huế,province,Huế,viwiki – đoạn mở đầu
Viện Đại học Minh Đức,founding_year,1970,viwiki – đoạn mở đầu
Viện Đại học Minh Đức,dissolution_year,1975,viwiki – đoạn mở đầu
Viện Đại học Minh Đức,ownership,private,viwiki – đoạn mở đầu
Viện Đại học Minh Đức,province,Thành phố Hồ Chí Minh,viwiki – đoạn mở đầu
Viện Đại học Vạn Hạnh,founding_year,1964,viwiki – đoạn mở đầu
Viện Đại học Vạn Hạnh,dissolution_year,1975,viwiki – đoạn mở đầu
Viện Đại học Vạn Hạnh,ownership,private,viwiki – đoạn mở đầu
Viện Đại học Vạn Hạnh,province,Thành phố Hồ Chí Minh,viwiki – đoạn mở đầu
Viện Đại học Đà Lạt,founding_year,1957,viwiki – đoạn mở đầu
Viện Đại học Đà Lạt,dissolution_year,1975,viwiki – đoạn mở đầu
Viện Đại học Đà Lạt,ownership,private,viwiki – đoạn mở đầu
Đại chủng viện Thánh Giuse Sài Gòn,province,Thành phố Hồ Chí Minh,địa danh trong tên
Đại chủng viện Xuân Bích Huế,province,Huế,địa danh trong tên
Đại học Cần Thơ,founding_year,1966,viwiki – đoạn mở đầu
Đại học Cần Thơ,dissolution_year,1975,viwiki – đoạn mở đầu
Đại học Cần Thơ,ownership,public,viwiki – đoạn mở đầu
Đại học Cần Thơ,province,Cần Thơ,viwiki – đoạn mở đầu
Đại học Thái Nguyên,ownership,public,Wikidata – mô tả
Đại học Thái Nguyên,coordinates,"21.587379, 105.840539",địa chỉ → OpenStreetMap Nominatim (kiểm tra cùng tỉnh)
Trường Đại học Quốc gia Việt Nam,founding_year,1945,viwiki – đoạn mở đầu
Trường Đại học Quốc gia Việt Nam,dissolution_year,1954,viwiki – đoạn mở đầu
Trường Đại học Quốc gia Việt Nam,province,Hà Nội,viwiki – đoạn mở đầu
Học viện Chính sách và Phát triển,coordinates,"21.001131, 105.716813",địa chỉ → OpenStreetMap Nominatim (kiểm tra cùng tỉnh)
Trường Đại học Tài chính - Kế toán,founding_year,1976,viwiki – đoạn mở đầu
Trường Đại học Tài chính - Kế toán,dissolution_year,2001,viwiki – đoạn mở đầu
Trường Đại học Tài chính - Kế toán,governed_by/member_of,Bộ Tài chính,viwiki – đoạn mở đầu
Học viện Chính trị Công an nhân dân,coordinates,"21.259716, 105.850804",địa chỉ → OpenStreetMap Nominatim (kiểm tra cùng tỉnh)
Học viện Chính trị Công an nhân dân,governed_by/member_of,Bộ Công an,viwiki – đoạn mở đầu
Trường Cao đẳng nghề Vĩnh Long,ownership,public,Wikidata – mô tả
Đại học Huế,ownership,public,Wikidata – mô tả
Trường Đại học Công nghệ Miền Đông,province,Đồng Nai,toạ độ → OpenStreetMap Nominatim
Học viện Phòng cháy chữa cháy và Cứu nạn cứu hộ,ownership,public,Wikidata – mô tả
Trường Đại học Tôn Đức Thắng,governed_by/member_of,Tổng Liên đoàn Lao động Việt Nam,viwiki – đoạn mở đầu
Trường Đại học Khoa học và Công nghệ Hà Nội,ownership,public,viwiki – đoạn mở đầu
"Trường Đại học Công nghệ Thông tin và Truyền thông Việt – Hàn, Đại học Đà Nẵng",coordinates,"15.991771, 108.257906",địa chỉ → OpenStreetMap Nominatim (kiểm tra cùng tỉnh)
Trường Quốc gia Âm nhạc Huế,founding_year,1962,viwiki – đoạn mở đầu
Trường Quốc gia Âm nhạc Huế,dissolution_year,1975,viwiki – đoạn mở đầu
Trường Quốc gia Âm nhạc Huế,province,Huế,địa danh trong tên
Học viện Chính trị,coordinates,"21.028307, 105.856292",địa chỉ → OpenStreetMap Nominatim (kiểm tra cùng tỉnh)
Trường Đại học Công nghiệp Vinh,founding_year,2013,viwiki – đoạn mở đầu
Trường Đại học Công nghiệp Việt – Hung,governed_by/member_of,Bộ Công Thương,viwiki – đoạn mở đầu
Trường Đại học Nghệ An,ownership,public,viwiki – đoạn mở đầu
Trường Đại học Nghệ An,governed_by/member_of,Ủy ban nhân dân tỉnh Nghệ An,viwiki – đoạn mở đầu
Trường Đại học Mỹ thuật Công nghiệp,coordinates,"21.020975, 105.820492",địa chỉ → OpenStreetMap Nominatim (kiểm tra cùng tỉnh)
Trường Đại học Mỹ thuật Công nghiệp,governed_by/member_of,Bộ Giáo dục và Đào tạo,viwiki – đoạn mở đầu
Đại học Công nghiệp Hà Nội,ownership,public,viwiki – đoạn mở đầu
Đại học Công nghiệp Hà Nội,governed_by/member_of,Bộ Công Thương,viwiki – đoạn mở đầu
Học viện Phụ nữ Việt Nam,coordinates,"21.019534, 105.807408",địa chỉ → OpenStreetMap Nominatim (kiểm tra cùng tỉnh)
Trường Đại học Tài chính – Marketing phân hiệu Quảng Ngãi,coordinates,"15.084689, 108.827342",địa chỉ → OpenStreetMap Nominatim (kiểm tra cùng tỉnh)
Trường Đại học Công nghệ Giao thông vận tải,coordinates,"20.979154, 105.8004",địa chỉ → OpenStreetMap Nominatim (kiểm tra cùng tỉnh)
Trường Đại học Công nghệ Giao thông vận tải,governed_by/member_of,Bộ Xây dựng,viwiki – đoạn mở đầu
Trường Đại học Cảnh sát nhân dân,ownership,public,viwiki – đoạn mở đầu
Trường Đại học Cảnh sát nhân dân,coordinates,"10.741232, 106.701024",địa chỉ → OpenStreetMap Nominatim (kiểm tra cùng tỉnh)
Trường Đại học Vinh,governed_by/member_of,Bộ Giáo dục và Đào tạo,viwiki – đoạn mở đầu
Học viện Kỹ thuật và Công nghệ An ninh,province,Bắc Ninh,viwiki – đoạn mở đầu
Học viện Kỹ thuật và Công nghệ An ninh,governed_by/member_of,Bộ Công an,viwiki – đoạn mở đầu
Học viện Công giáo Việt Nam,province,Thành phố Hồ Chí Minh,viwiki – đoạn mở đầu
Học viện Hàng không Việt Nam,governed_by/member_of,Bộ Xây dựng,viwiki – đoạn mở đầu
Trường Đại học Sài Gòn,coordinates,"10.759703, 106.681759",địa chỉ → OpenStreetMap Nominatim (kiểm tra cùng tỉnh)
Trường Đại học Sài Gòn,governed_by/member_of,Ủy ban nhân dân Thành phố Hồ Chí Minh,viwiki – đoạn mở đầu
Trường Đại học Kiến trúc Đà Nẵng,coordinates,"16.047804, 108.220913",địa chỉ → OpenStreetMap Nominatim (kiểm tra cùng tỉnh)
Trường Đại học Điện lực,governed_by/member_of,Bộ Công Thương,viwiki – đoạn mở đầu
Học viện Nông nghiệp Việt Nam,governed_by/member_of,Bộ Nông nghiệp và Môi trường,viwiki – đoạn mở đầu
Trường Đại học Ngoại ngữ – Tin học Thành phố Hồ Chí Minh,ownership,private,viwiki – đoạn mở đầu
Trường Đại học Luật Thành phố Hồ Chí Minh,governed_by/member_of,Bộ Giáo dục và Đào tạo,viwiki – đoạn mở đầu
Học viện Khoa học và Công nghệ,ownership,public,viwiki – đoạn mở đầu
Trường Đại học Xây dựng Miền Tây,coordinates,"10.232063, 105.984952",địa chỉ → OpenStreetMap Nominatim (kiểm tra cùng tỉnh)
Trường Cao đẳng Kinh tế – Kế hoạch Đà Nẵng,founding_year,1976,viwiki – đoạn mở đầu
Trường Đại học Tổng hợp Thành phố Hồ Chí Minh,founding_year,1976,viwiki – đoạn mở đầu
Trường Đại học Tổng hợp Thành phố Hồ Chí Minh,province,Thành phố Hồ Chí Minh,địa danh trong tên
Trường Đại học Tài chính – Quản trị kinh doanh,governed_by/member_of,Bộ Tài chính,viwiki – đoạn mở đầu
Trường Đại học Kiến trúc Hà Nội,governed_by/member_of,Bộ Xây dựng,viwiki – đoạn mở đầu
Học viện Múa Việt Nam,ownership,public,viwiki – đoạn mở đầu
Học viện Múa Việt Nam,governed_by/member_of,"Bộ Văn hóa, Thể thao và Du lịch",viwiki – đoạn mở đầu
Trường Đại học Kiên Giang,coordinates,"9.752396, 105.313564",địa chỉ → OpenStreetMap Nominatim (kiểm tra cùng tỉnh)
Trường Đại học Quốc tế Hồng Bàng,coordinates,"10.800576, 106.70601",địa chỉ → OpenStreetMap Nominatim (kiểm tra cùng tỉnh)
Trường Đại học Hàng hải Việt Nam,governed_by/member_of,Bộ Xây dựng,viwiki – đoạn mở đầu
Trường Đại học Thủy lợi,governed_by/member_of,Bộ Nông nghiệp và Môi trường,viwiki – đoạn mở đầu
Trường Đại học An ninh nhân dân,ownership,public,viwiki – đoạn mở đầu
Trường Đại học An ninh nhân dân,coordinates,"10.851342, 106.776347",địa chỉ → OpenStreetMap Nominatim (kiểm tra cùng tỉnh)
Trường Đại học Mở Hà Nội,coordinates,"21.000883, 105.847325",địa chỉ → OpenStreetMap Nominatim (kiểm tra cùng tỉnh)
Đại học Đà Nẵng,ownership,public,Wikidata – mô tả
Học viện Thanh thiếu niên Việt Nam,founding_year,1995,viwiki – đoạn mở đầu
Phân hiệu Đại học Kinh tế Thành phố Hồ Chí Minh tại Vĩnh Long,coordinates,"10.240809, 105.960643",địa chỉ → OpenStreetMap Nominatim (kiểm tra cùng tỉnh)
Trường Đại học Y Dược Hà Nội,founding_year,1902,viwiki – đoạn mở đầu
Trường Đại học Y Dược Hà Nội,dissolution_year,1961,viwiki – đoạn mở đầu
Trường Đại học Y Dược Hà Nội,province,Hà Nội,viwiki – đoạn mở đầu
Trường Đại học Y Dược Hà Nội,governed_by/member_of,Bộ Y tế,viwiki – đoạn mở đầu
Đại học Cần Thơ (1966–1975),name_vi,thêm giai đoạn hoạt động,phân biệt thực thể trùng tên
Đại học Quốc gia Hà Nội,direct_governed_by,Bộ Giáo dục và Đào tạo,1723/QĐ-TTg
Đại học Quốc gia Thành phố Hồ Chí Minh,direct_governed_by,Bộ Giáo dục và Đào tạo,1723/QĐ-TTg
Đại học Đà Nẵng,direct_governed_by,Bộ Giáo dục và Đào tạo,1723/QĐ-TTg
Đại học Huế,direct_governed_by,Bộ Giáo dục và Đào tạo,1723/QĐ-TTg
Đại học Thái Nguyên,direct_governed_by,Bộ Giáo dục và Đào tạo,1723/QĐ-TTg
Đại học Bách khoa Hà Nội,direct_governed_by,Bộ Giáo dục và Đào tạo,1723/QĐ-TTg
Đại học Cần Thơ,direct_governed_by,Bộ Giáo dục và Đào tạo,1723/QĐ-TTg
Đại học Kinh tế Quốc dân,direct_governed_by,Bộ Giáo dục và Đào tạo,1723/QĐ-TTg
Đại học Kinh tế Thành phố Hồ Chí Minh,direct_governed_by,Bộ Giáo dục và Đào tạo,1723/QĐ-TTg
Trường Đại học Đà Lạt,direct_governed_by,Bộ Giáo dục và Đào tạo,1723/QĐ-TTg
Trường Đại học Đồng Tháp,direct_governed_by,Bộ Giáo dục và Đào tạo,1723/QĐ-TTg
Trường Đại học Giao thông Vận tải,direct_governed_by,Bộ Giáo dục và Đào tạo,1723/QĐ-TTg
Trường Đại học Hà Nội,direct_governed_by,Bộ Giáo dục và Đào tạo,1723/QĐ-TTg
Trường Đại học Kiên Giang,direct_governed_by,Bộ Giáo dục và Đào tạo,1723/QĐ-TTg
Trường Đại học Luật Thành phố Hồ Chí Minh,direct_governed_by,Bộ Giáo dục và Đào tạo,1723/QĐ-TTg
Trường Đại học Mỏ – Địa chất,direct_governed_by,Bộ Giáo dục và Đào tạo,1723/QĐ-TTg
Trường Đại học Mở Hà Nội,direct_governed_by,Bộ Giáo dục và Đào tạo,1723/QĐ-TTg
Trường Đại học Mở Thành phố Hồ Chí Minh,direct_governed_by,Bộ Giáo dục và Đào tạo,1723/QĐ-TTg
Trường Đại học Mỹ thuật Công nghiệp,direct_governed_by,Bộ Giáo dục và Đào tạo,1723/QĐ-TTg
Trường Đại học Ngoại thương,direct_governed_by,Bộ Giáo dục và Đào tạo,1723/QĐ-TTg
Trường Đại học Nha Trang,direct_governed_by,Bộ Giáo dục và Đào tạo,1723/QĐ-TTg
Trường Đại học Nông Lâm Thành phố Hồ Chí Minh,direct_governed_by,Bộ Giáo dục và Đào tạo,1723/QĐ-TTg
Trường Đại học Quy Nhơn,direct_governed_by,Bộ Giáo dục và Đào tạo,1723/QĐ-TTg
Trường Đại học Sư phạm Hà Nội,direct_governed_by,Bộ Giáo dục và Đào tạo,1723/QĐ-TTg
Trường Đại học Sư phạm Hà Nội 2,direct_governed_by,Bộ Giáo dục và Đào tạo,1723/QĐ-TTg
Trường Đại học Công nghệ Kỹ thuật Hưng Yên,direct_governed_by,Bộ Giáo dục và Đào tạo,1723/QĐ-TTg
Trường Đại học Sư phạm Kỹ thuật Nam Định,direct_governed_by,Bộ Giáo dục và Đào tạo,1723/QĐ-TTg
Trường Đại học Công nghệ Kỹ thuật Vinh,direct_governed_by,Bộ Giáo dục và Đào tạo,1723/QĐ-TTg
Trường Đại học Công nghệ Kỹ thuật Thành phố Hồ Chí Minh,direct_governed_by,Bộ Giáo dục và Đào tạo,1723/QĐ-TTg
Trường Đại học Công nghệ Kỹ thuật Vĩnh Long,direct_governed_by,Bộ Giáo dục và Đào tạo,1723/QĐ-TTg
Trường Đại học Sư phạm Nghệ thuật Trung ương,direct_governed_by,Bộ Giáo dục và Đào tạo,1723/QĐ-TTg
Trường Đại học Sư phạm Thành phố Hồ Chí Minh,direct_governed_by,Bộ Giáo dục và Đào tạo,1723/QĐ-TTg
Trường Đại học Sư phạm Thể dục Thể thao Hà Nội,direct_governed_by,Bộ Giáo dục và Đào tạo,1723/QĐ-TTg
Trường Đại học Sư phạm Thể dục Thể thao Thành phố Hồ Chí Minh,direct_governed_by,Bộ Giáo dục và Đào tạo,1723/QĐ-TTg
Trường Đại học Tây Bắc,direct_governed_by,Bộ Giáo dục và Đào tạo,1723/QĐ-TTg
Trường Đại học Tây Nguyên,direct_governed_by,Bộ Giáo dục và Đào tạo,1723/QĐ-TTg
Trường Đại học Thương mại,direct_governed_by,Bộ Giáo dục và Đào tạo,1723/QĐ-TTg
Trường Đại học Việt Đức,direct_governed_by,Bộ Giáo dục và Đào tạo,1723/QĐ-TTg
Trường Đại học Vinh,direct_governed_by,Bộ Giáo dục và Đào tạo,1723/QĐ-TTg
Trường Đại học Xây dựng Hà Nội,direct_governed_by,Bộ Giáo dục và Đào tạo,1723/QĐ-TTg
Học viện Quản lý giáo dục,direct_governed_by,Bộ Giáo dục và Đào tạo,1723/QĐ-TTg
"Trường Đại học Khoa học Tự nhiên, Đại học Quốc gia Thành phố Hồ Chí Minh",member_of,Đại học Quốc gia Thành phố Hồ Chí Minh,https://hcmus.edu.vn/dhqg-tp-hcm-va-cac-don-vi-thanh-vien/
"Trường Đại học Khoa học Xã hội và Nhân văn, Đại học Quốc gia Hà Nội",member_of,Đại học Quốc gia Hà Nội,https://ussh.vnu.edu.vn/vi/
