stratum,local,target,our_group,target_group,name_score,birth_ok,auto,verdict,note,our_label,target_label
wikidata,https://pham-ng.github.io/Vietnam-University-Knowledge-Graph-ver2/resource/person/van-hung-tran,http://www.wikidata.org/entity/Q86945518,person,person,1.00,True,correct,correct,,Van Hung Tran,Van Hung Tran
wikidata,https://pham-ng.github.io/Vietnam-University-Knowledge-Graph-ver2/resource/university/hoc-vien-phong-chay-chua-chay-va-cuu-nan-cuu-ho,http://www.wikidata.org/entity/Q20026261,org,org,1.00,True,correct,correct,,Học viện Phòng cháy chữa cháy và Cứu nạn cứu hộ,Trường Đại học Phòng cháy chữa cháy
wikidata,https://pham-ng.github.io/Vietnam-University-Knowledge-Graph-ver2/resource/person/hung-vo-thanh,http://www.wikidata.org/entity/Q100958611,person,person,1.00,True,correct,correct,,Hung Vo Thanh,Hung Vo Thanh
wikidata,https://pham-ng.github.io/Vietnam-University-Knowledge-Graph-ver2/resource/university/truong-dai-hoc-luat-dai-hoc-quoc-gia-ha-noi,http://www.wikidata.org/entity/Q114132145,org,org,1.00,True,correct,correct,,"Trường Đại học Luật, Đại học Quốc gia Hà Nội","Trường Đại học Luật, Đại học Quốc gia Hà Nội"
wikidata,https://pham-ng.github.io/Vietnam-University-Knowledge-Graph-ver2/resource/person/phan-hoa-nhut,http://www.wikidata.org/entity/Q125688553,person,person,1.00,True,correct,correct,,Phan Hòa Nhựt,Luạthoanhut
wikidata,https://pham-ng.github.io/Vietnam-University-Knowledge-Graph-ver2/resource/person/ha-van-mao,http://www.wikidata.org/entity/Q129176007,person,person,1.00,True,correct,correct,,Hà Văn Mạo,Hà Văn Mạo
wikidata,https://pham-ng.github.io/Vietnam-University-Knowledge-Graph-ver2/resource/person/nguyen-dang-chuong,http://www.wikidata.org/entity/Q136454866,person,person,1.00,True,correct,correct,,Nguyễn Đăng Chương,Nguyễn Hoàng Chương
wikidata,https://pham-ng.github.io/Vietnam-University-Knowledge-Graph-ver2/resource/person/dinh-cong-pho,http://www.wikidata.org/entity/Q91728513,person,person,1.00,True,correct,correct,,Dinh Cong Pho,Dinh Cong Pho
wikidata,https://pham-ng.github.io/Vietnam-University-Knowledge-Graph-ver2/resource/person/hung-c-duong,http://www.wikidata.org/entity/Q59553493,person,person,1.00,True,correct,correct,,Hung C. Duong,Hung C. Duong
wikidata,https://pham-ng.github.io/Vietnam-University-Knowledge-Graph-ver2/resource/person/van-duc-tran,http://www.wikidata.org/entity/Q92405627,person,person,1.00,True,correct,correct,,Van-Duc Tran,Van-Duc Tran
wikidata,https://pham-ng.github.io/Vietnam-University-Knowledge-Graph-ver2/resource/person/tu-t-truong,http://www.wikidata.org/entity/Q79683587,person,person,1.00,True,correct,correct,,Tu T Truong,Tu T Truong
wikidata,https://pham-ng.github.io/Vietnam-University-Knowledge-Graph-ver2/resource/person/thanh-hai-nguyen,http://www.wikidata.org/entity/Q57416450,person,person,1.00,True,correct,correct,,Thanh Hai Nguyen,Thanh Hai Nguyen
wikidata,https://pham-ng.github.io/Vietnam-University-Knowledge-Graph-ver2/resource/university/truong-dai-hoc-khoa-hoc-tu-nhien-dai-hoc-quoc-gia-thanh-pho-ho-chi-minh,http://www.wikidata.org/entity/Q5873997,org,org/place,1.00,True,correct,correct,,HCMUNS,Hcmuns
wikidata,https://pham-ng.github.io/Vietnam-University-Knowledge-Graph-ver2/resource/university/truong-dai-hoc-su-pham-ky-thuat-nam-dinh,http://www.wikidata.org/entity/Q10829129,org,no-P31,1.00,True,review,correct,"Wikidata item không có P31; nhãn vi trùng tuyệt đối 'Trường Đại học Sư phạm Kỹ thuật Nam Định', P17 Việt Nam",Nam Dinh University of,Trường Đại học Sư phạm Kỹ thuật Nam Định
wikidata,https://pham-ng.github.io/Vietnam-University-Knowledge-Graph-ver2/resource/university/truong-cao-dang-cong-nghiep-hue,http://www.wikidata.org/entity/Q17266876,org,org,1.00,True,correct,correct,,Hue Industrial College,Hue Industrial College
wikidata,https://pham-ng.github.io/Vietnam-University-Knowledge-Graph-ver2/resource/person/lai-van-hoan,http://www.wikidata.org/entity/Q116707263,person,person,1.00,True,correct,correct,,Lại Văn Hoàn,Lại Văn Hoàn
wikidata,https://pham-ng.github.io/Vietnam-University-Knowledge-Graph-ver2/resource/person/do-duc-duy,http://www.wikidata.org/entity/Q30921991,person,person,1.00,True,correct,correct,,Đỗ Đức Duy,Đỗ Đức Duy
wikidata,https://pham-ng.github.io/Vietnam-University-Knowledge-Graph-ver2/resource/person/phan-hoang,http://www.wikidata.org/entity/Q141530041,person,person,1.00,True,correct,correct,,Phan Hoang,Phan Hoang
wikidata,https://pham-ng.github.io/Vietnam-University-Knowledge-Graph-ver2/resource/person/van-toan-cao,http://www.wikidata.org/entity/Q140289911,person,person,1.00,True,correct,correct,,Van-Toan Cao,Van-Toan Cao
wikidata,https://pham-ng.github.io/Vietnam-University-Knowledge-Graph-ver2/resource/university/truong-boi-duong-can-bo-kinh-te-tai-chinh,http://www.wikidata.org/entity/Q139413981,org,org,1.00,True,correct,correct,,School of Economic and Financial Officials,Institute of Economic - Financial Training
wikidata,https://pham-ng.github.io/Vietnam-University-Knowledge-Graph-ver2/resource/person/van-hoang-nguyen,http://www.wikidata.org/entity/Q102419472,person,person,1.00,True,correct,correct,,Van Hoang Nguyen,Van Hoang Nguyen
wikidata,https://pham-ng.github.io/Vietnam-University-Knowledge-Graph-ver2/resource/person/le-thi-ngoc-tu,http://www.wikidata.org/entity/Q106841058,person,person,1.00,True,correct,correct,,Lê Thị Ngọc Tú,Le Thi Ngoc Tu
wikidata,https://pham-ng.github.io/Vietnam-University-Knowledge-Graph-ver2/resource/person/le-trung-kien,http://www.wikidata.org/entity/Q141000870,person,person,1.00,True,correct,correct,,Le Trung Kien,BS.CKII Lê Trung Kiên
wikidata,https://pham-ng.github.io/Vietnam-University-Knowledge-Graph-ver2/resource/person/nguyen-hai-anh,http://www.wikidata.org/entity/Q116890760,person,person,1.00,True,correct,correct,,Nguyễn Hải Anh,Nguyễn Hải Anh
wikidata,https://pham-ng.github.io/Vietnam-University-Knowledge-Graph-ver2/resource/person/minh-canh-vu,http://www.wikidata.org/entity/Q95941189,person,person,1.00,True,correct,correct,,Minh Canh Vu,Minh Canh Vu
wikidata,https://pham-ng.github.io/Vietnam-University-Knowledge-Graph-ver2/resource/person/thanh-hoa-tran,http://www.wikidata.org/entity/Q88258101,person,person,1.00,True,correct,correct,,Thanh Hoa Tran,Thanh Hoa Tran
wikidata,https://pham-ng.github.io/Vietnam-University-Knowledge-Graph-ver2/resource/person/nguyen-thi-kim-anh,http://www.wikidata.org/entity/Q116866289,person,person,1.00,True,correct,correct,,Nguyễn Thị Kim Anh,Nguyễn Thị Kim Anh
wikidata,https://pham-ng.github.io/Vietnam-University-Knowledge-Graph-ver2/resource/person/nguyen-thi-ngoc-bich,http://www.wikidata.org/entity/Q137163553,person,person,1.00,True,correct,correct,,Nguyễn Thị Ngọc Bích,Nguyễn Thị Ngọc Bích
wikidata,https://pham-ng.github.io/Vietnam-University-Knowledge-Graph-ver2/resource/person/phong-tran-nhu,http://www.wikidata.org/entity/Q92643159,person,person,1.00,True,correct,correct,,Phong Tran Nhu,Phong Tran Nhu
wikidata,https://pham-ng.github.io/Vietnam-University-Knowledge-Graph-ver2/resource/person/truong-cong-quynh,http://www.wikidata.org/entity/Q102416879,person,person,1.00,True,correct,correct,,Truong Cong Quynh,Truong Cong Quynh
wikidata,https://pham-ng.github.io/Vietnam-University-Knowledge-Graph-ver2/resource/university/truong-quoc-gia-am-nhac-hue,http://www.wikidata.org/entity/Q16480497,org,no-P31,1.00,True,review,correct,"Wikidata item không có P31; nhãn vi trùng tuyệt đối 'Trường Quốc gia Âm nhạc Huế', P17 Việt Nam",Trường Quốc gia Âm nhạc Huế,Trường Quốc gia Âm nhạc Huế
wikidata,https://pham-ng.github.io/Vietnam-University-Knowledge-Graph-ver2/resource/person/bui-truong-linh,http://www.wikidata.org/entity/Q137187349,person,person,1.00,True,correct,correct,,Bùi Trường Linh,Bùi Trường Linh
wikidata,https://pham-ng.github.io/Vietnam-University-Knowledge-Graph-ver2/resource/university/truong-dai-hoc-the-duc-the-thao-thanh-pho-ho-chi-minh,http://www.wikidata.org/entity/Q7579810,org,org,1.00,True,correct,correct,,Sports and Physical Gymnastics University II,Sports and Physical Gymnastics University II
wikidata,https://pham-ng.github.io/Vietnam-University-Knowledge-Graph-ver2/resource/person/thang-dao-phuoc,http://www.wikidata.org/entity/Q92860598,person,person,1.00,True,correct,correct,,Thang Dao Phuoc,Thang Dao Phuoc
wikidata,https://pham-ng.github.io/Vietnam-University-Knowledge-Graph-ver2/resource/person/phan-thi-thanh-phuong,http://www.wikidata.org/entity/Q116755400,person,person,1.00,True,correct,correct,,Phan Thị Thanh Phương,Phan Thị Thanh Phương
wikidata,https://pham-ng.github.io/Vietnam-University-Knowledge-Graph-ver2/resource/person/nguyen-tri-khoa,http://www.wikidata.org/entity/Q95975370,person,person,1.00,True,correct,correct,,Nguyen Tri Khoa,Nguyen Tri Khoa
wikidata,https://pham-ng.github.io/Vietnam-University-Knowledge-Graph-ver2/resource/person/huong-thi-thu-nguyen,http://www.wikidata.org/entity/Q101051644,person,person,1.00,True,correct,correct,,Huong Thi Thu Nguyen,Huong Thi Thu Nguyen
wikidata,https://pham-ng.github.io/Vietnam-University-Knowledge-Graph-ver2/resource/person/pham-thi-ngoc-trinh,http://www.wikidata.org/entity/Q126727410,person,person,1.00,True,correct,correct,,Phạm Thị Ngọc Trinh,Ngọc Trinh
wikidata,https://pham-ng.github.io/Vietnam-University-Knowledge-Graph-ver2/resource/person/niem-v-t-vo,http://www.wikidata.org/entity/Q90808601,person,person,1.00,True,correct,correct,,Niem V T Vo,Niem V T Vo
wikidata,https://pham-ng.github.io/Vietnam-University-Knowledge-Graph-ver2/resource/person/hua-van-huy,http://www.wikidata.org/entity/Q116690040,person,person,1.00,True,correct,correct,,Hứa Văn Huy,Hứa Văn Huy
wikidata,https://pham-ng.github.io/Vietnam-University-Knowledge-Graph-ver2/resource/person/thuy-ngan-tran,http://www.wikidata.org/entity/Q91057629,person,person,1.00,True,correct,correct,,Thuy-Ngan Tran,Thuy-Ngan Tran
wikidata,https://pham-ng.github.io/Vietnam-University-Knowledge-Graph-ver2/resource/person/thai-son-dinh,http://www.wikidata.org/entity/Q92915799,person,person,1.00,True,correct,correct,,Thai Son Dinh,Thai Son Dinh
wikidata,https://pham-ng.github.io/Vietnam-University-Knowledge-Graph-ver2/resource/university/truong-dai-hoc-noi-vu-ha-noi,http://www.wikidata.org/entity/Q10829107,org,no-P31,1.00,True,review,correct,"Wikidata item không có P31; nhãn vi 'Trường Đại học Nội vụ Hà Nội', nhãn en 'Hanoi University of Home Affairs'",HUHA,Hanoi University of Home Affairs
wikidata,https://pham-ng.github.io/Vietnam-University-Knowledge-Graph-ver2/resource/person/linh-phan,http://www.wikidata.org/entity/Q89398478,person,person,1.00,True,correct,correct,,Linh Phan,Linh Phan
wikidata,https://pham-ng.github.io/Vietnam-University-Knowledge-Graph-ver2/resource/university/truong-dai-hoc-hang-hai-viet-nam,http://www.wikidata.org/entity/Q7928523,org,org,1.00,True,correct,correct,,Biệt danh VMU và VIMARU,Trường Đại học Hàng hải Việt Nam
wikidata,https://pham-ng.github.io/Vietnam-University-Knowledge-Graph-ver2/resource/person/tung-nguyen-thanh-uong,http://www.wikidata.org/entity/Q88151843,person,person,1.00,True,correct,correct,,Tung Nguyen Thanh Uong,Tung Nguyen Thanh Uong
wikidata,https://pham-ng.github.io/Vietnam-University-Knowledge-Graph-ver2/resource/province/phu-yen,http://www.wikidata.org/entity/Q36725,place,other,1.00,True,review,correct,P31 Q137325529 'former provinces of Vietnam' khớp lớp FormerProvince,Phu Yen,Fujena
wikidata,https://pham-ng.github.io/Vietnam-University-Knowledge-Graph-ver2/resource/person/nguyen-duong,http://www.wikidata.org/entity/Q117088053,person,person,1.00,True,correct,correct,,Nguyễn Dương,Danny Dương
wikidata,https://pham-ng.github.io/Vietnam-University-Knowledge-Graph-ver2/resource/university/truong-dai-hoc-rang-ham-mat,http://www.wikidata.org/entity/Q10829120,org,no-P31,1.00,True,review,correct,Wikidata item không có P31; nhãn vi trùng tuyệt đối; nhãn en 'jaw' trên Wikidata là dữ liệu sai phía Wikidata,Trường Đại học Răng Hàm Mặt,Trường Đại học Răng Hàm Mặt
wikidata,https://pham-ng.github.io/Vietnam-University-Knowledge-Graph-ver2/resource/person/thi-thanh-tinh-giap,http://www.wikidata.org/entity/Q90542123,person,person,1.00,True,correct,correct,,Thi-Thanh-Tinh Giap,Thi-Thanh-Tinh Giap
wikidata,https://pham-ng.github.io/Vietnam-University-Knowledge-Graph-ver2/resource/person/phan-ngoc-tho,http://www.wikidata.org/entity/Q30922035,person,person,1.00,True,correct,correct,,Phan Ngọc Thọ,Phan Ngọc Thọ
wikidata,https://pham-ng.github.io/Vietnam-University-Knowledge-Graph-ver2/resource/person/nguyen-minh-hang,http://www.wikidata.org/entity/Q140088193,person,person,1.00,True,correct,correct,,Nguyễn Minh Hằng,Nguyễn Minh Hằng
wikidata,https://pham-ng.github.io/Vietnam-University-Knowledge-Graph-ver2/resource/person/nguyen-hai-dung,http://www.wikidata.org/entity/Q116949045,person,person,1.00,True,correct,correct,,Nguyễn Hải Dũng,Nguyễn Hải Dũng
wikidata,https://pham-ng.github.io/Vietnam-University-Knowledge-Graph-ver2/resource/person/hong-t-pham,http://www.wikidata.org/entity/Q102131426,person,person,1.00,True,correct,correct,,Hong T Pham,Hong T Pham
wikidata,https://pham-ng.github.io/Vietnam-University-Knowledge-Graph-ver2/resource/person/quang-hung-do,http://www.wikidata.org/entity/Q61128929,person,person,1.00,True,correct,correct,,Quang Hung Do,Quang Hung Do
wikidata,https://pham-ng.github.io/Vietnam-University-Knowledge-Graph-ver2/resource/person/nguyen-van-hop,http://www.wikidata.org/entity/Q92242384,person,person,1.00,True,correct,correct,,Nguyen Van Hop,Nguyen Van Hop
wikidata,https://pham-ng.github.io/Vietnam-University-Knowledge-Graph-ver2/resource/university/truong-dai-hoc-khoa-hoc-dai-hoc-hue,http://www.wikidata.org/entity/Q10829059,org,org,1.00,True,correct,correct,,HUSC,Trường Đại học Khoa học - ĐH Huế
wikidata,https://pham-ng.github.io/Vietnam-University-Knowledge-Graph-ver2/resource/person/dinh-tuan-vu,http://www.wikidata.org/entity/Q97660328,person,person,1.00,True,correct,correct,,Đinh Tuấn Vũ,Tuan Vu Dinh
wikidata,https://pham-ng.github.io/Vietnam-University-Knowledge-Graph-ver2/resource/province/lao-cai,http://www.wikidata.org/entity/Q36446,place,place,1.00,True,correct,correct,,Lào Cai,Lao Cai
wikidata,https://pham-ng.github.io/Vietnam-University-Knowledge-Graph-ver2/resource/person/huynh-thi-anh-suong,http://www.wikidata.org/entity/Q116976150,person,person,1.00,True,correct,correct,,Huỳnh Thị Ánh Sương,Huỳnh Thị Ánh Sương
dbpedia,https://pham-ng.github.io/Vietnam-University-Knowledge-Graph-ver2/resource/university/dai-hoc-hue,http://dbpedia.org/resource/Huế_University,org,org,1.00,True,correct,correct,,HU,Huế University
dbpedia,https://pham-ng.github.io/Vietnam-University-Knowledge-Graph-ver2/resource/university/truong-dai-hoc-an-giang-dai-hoc-quoc-gia-thanh-pho-ho-chi-minh,http://dbpedia.org/resource/An_Giang_University,org,org,0.33,True,review,correct,"Cùng trường (An Giang University, thành viên ĐHQG-HCM); điểm tên thấp do so viết tắt AGU",AGU,An Giang University
dbpedia,https://pham-ng.github.io/Vietnam-University-Knowledge-Graph-ver2/resource/university/truong-dai-hoc-giao-thong-van-tai-thanh-pho-ho-chi-minh,http://dbpedia.org/resource/Ho_Chi_Minh_City_University_of_Transport,org,org,1.00,True,correct,correct,,Trường Đại học Giao thông vận tải Thành phố Hồ Chí Minh,Ho Chi Minh City University of Transport
dbpedia,https://pham-ng.github.io/Vietnam-University-Knowledge-Graph-ver2/resource/university/truong-dai-hoc-mo-thanh-pho-ho-chi-minh,http://dbpedia.org/resource/Ho_Chi_Minh_City_Open_University,org,org,1.00,True,correct,correct,,HCMCOU,Ho Chi Minh City Open University
dbpedia,https://pham-ng.github.io/Vietnam-University-Knowledge-Graph-ver2/resource/province/hung-yen,http://dbpedia.org/resource/Hưng_Yên_province,place,place,1.00,True,correct,correct,,Hưng Yên,Hung Yen
dbpedia,https://pham-ng.github.io/Vietnam-University-Knowledge-Graph-ver2/resource/province/thai-nguyen,http://dbpedia.org/resource/Thái_Nguyên_province,place,place,1.00,True,correct,correct,,Thái Nguyên,Province de Thái Nguyên
dbpedia,https://pham-ng.github.io/Vietnam-University-Knowledge-Graph-ver2/resource/university/khoa-quoc-te-phap-ngu-dai-hoc-quoc-gia-ha-noi,http://dbpedia.org/resource/Institut_de_la_Francophonie_pour_l'Informatique,org,org,1.00,True,correct,correct,,Institut de la Francophonie pour l'Informatique,Institut de la Francophonie pour l'Informatique
dbpedia,https://pham-ng.github.io/Vietnam-University-Knowledge-Graph-ver2/resource/province/nam-dinh,http://dbpedia.org/resource/Nam_Định_province,place,place,1.00,True,correct,correct,,Nam Định,Nam Dinh
dbpedia,https://pham-ng.github.io/Vietnam-University-Knowledge-Graph-ver2/resource/university/truong-dai-hoc-khoa-hoc-xa-hoi-va-nhan-van-dai-hoc-quoc-gia-thanh-pho-ho-chi-min,http://dbpedia.org/resource/Ho_Chi_Minh_City_University_of_Social_Sciences_and_Humanities,org,org,0.86,True,correct,correct,,"Trường Đại học Khoa học Xã hội và Nhân văn, Đại học Quốc gia Thành phố Hồ Chí Minh",Ho Chi Minh City University of Social Sciences and Humanities
dbpedia,https://pham-ng.github.io/Vietnam-University-Knowledge-Graph-ver2/resource/person/le-pho,http://dbpedia.org/resource/Lê_Phổ,person,person,1.00,True,correct,correct,,Le Pho,Lê Phổ
dbpedia,https://pham-ng.github.io/Vietnam-University-Knowledge-Graph-ver2/resource/university/vien-dao-tao-quoc-te,http://dbpedia.org/resource/UEH-International_School_of_Business,org,org,0.75,True,correct,correct,,International School of Business,UEH-International School of Business
dbpedia,https://pham-ng.github.io/Vietnam-University-Knowledge-Graph-ver2/resource/province/soc-trang,http://dbpedia.org/resource/Sóc_Trăng_province,place,place,1.00,True,correct,correct,,Sóc Trăng,Province de Sóc Trăng
dbpedia,https://pham-ng.github.io/Vietnam-University-Knowledge-Graph-ver2/resource/person/my-linh,http://dbpedia.org/resource/Mỹ_Linh,person,person,1.00,True,correct,correct,,Mỹ Linh,Mỹ Linh
dbpedia,https://pham-ng.github.io/Vietnam-University-Knowledge-Graph-ver2/resource/person/le-quoc-minh,http://dbpedia.org/resource/Lê_Quốc_Minh,person,person,1.00,True,correct,correct,,Lê Quốc Minh,Lê Quốc Minh
dbpedia,https://pham-ng.github.io/Vietnam-University-Knowledge-Graph-ver2/resource/province/quang-nam,http://dbpedia.org/resource/Quảng_Nam_province,place,place,1.00,True,correct,correct,,Quảng Nam,Province de Quảng Nam
dbpedia,https://pham-ng.github.io/Vietnam-University-Knowledge-Graph-ver2/resource/university/truong-dai-hoc-khoa-hoc-tu-nhien-dai-hoc-quoc-gia-thanh-pho-ho-chi-minh,http://dbpedia.org/resource/Ho_Chi_Minh_City_University_of_Science,org,org,0.33,True,review,correct,Cùng trường (Ho Chi Minh City University of Science); điểm tên thấp do so viết tắt HCMUNS,HCMUNS,Ho Chi Minh City University of Science
dbpedia,https://pham-ng.github.io/Vietnam-University-Knowledge-Graph-ver2/resource/organization/quan-doi-nhan-dan-viet-nam,http://dbpedia.org/resource/People's_Army_of_Vietnam,org,org,1.00,True,correct,correct,,People's Army of Vietnam,Armée populaire vietnamienne
dbpedia,https://pham-ng.github.io/Vietnam-University-Knowledge-Graph-ver2/resource/province/thai-binh,http://dbpedia.org/resource/Thái_Bình_province,place,place,1.00,True,correct,correct,,Thái Bình,Province de Thái Bình
dbpedia,https://pham-ng.github.io/Vietnam-University-Knowledge-Graph-ver2/resource/university/hoc-vien-bao-chi-va-tuyen-truyen,http://dbpedia.org/resource/Academy_of_Journalism_and_Communication,org,org,0.75,True,correct,correct,,AJC,Academy of Journalism and Communication
dbpedia,https://pham-ng.github.io/Vietnam-University-Knowledge-Graph-ver2/resource/university/truong-dai-hoc-ngoai-ngu-dai-hoc-hue,http://dbpedia.org/resource/Huế_College_of_Foreign_Languages,org,org,0.50,True,correct,correct,,Hue University of Foreign Languages and International Studies,Huế College of Foreign Languages
ror,https://pham-ng.github.io/Vietnam-University-Knowledge-Graph-ver2/resource/university/truong-dai-hoc-nong-lam-dai-hoc-thai-nguyen,https://ror.org/028zxrr95,org,org,1.00,True,correct,correct,,TNU University of Agriculture and Forestry,TUAF
ror,https://pham-ng.github.io/Vietnam-University-Knowledge-Graph-ver2/resource/university/truong-dai-hoc-cong-nghe-dai-hoc-quoc-gia-ha-noi,https://ror.org/019sx5d52,org,org,1.00,True,correct,correct,,"Trường Đại học Công nghệ, Đại học Quốc gia Hà Nội",College of Technology
ror,https://pham-ng.github.io/Vietnam-University-Knowledge-Graph-ver2/resource/university/dai-hoc-kinh-te-thanh-pho-ho-chi-minh,https://ror.org/010yce376,org,org,1.00,True,correct,correct,,UEH,Trường Đại học Kinh tế Thành phố Hồ Chí Minh
ror,https://pham-ng.github.io/Vietnam-University-Knowledge-Graph-ver2/resource/university/truong-dai-hoc-phu-yen,https://ror.org/0589qa052,org,org,1.00,True,correct,correct,,PYU,Phu Yen University
ror,https://pham-ng.github.io/Vietnam-University-Knowledge-Graph-ver2/resource/university/truong-dai-hoc-khanh-hoa,https://ror.org/00a4nhr72,org,org,1.00,True,correct,correct,,Trường Đại học Khánh Hòa,Trường Đại học Khánh Hòa
ror,https://pham-ng.github.io/Vietnam-University-Knowledge-Graph-ver2/resource/university/truong-dai-hoc-ton-duc-thang,https://ror.org/01drq0835,org,org,1.00,True,correct,correct,,TDTU,TDTU
ror,https://pham-ng.github.io/Vietnam-University-Knowledge-Graph-ver2/resource/university/truong-dai-hoc-quoc-te-dai-hoc-quoc-gia-thanh-pho-ho-chi-minh,https://ror.org/003szmg30,org,org,1.00,True,correct,correct,,HCMIU,HCMIU
ror,https://pham-ng.github.io/Vietnam-University-Knowledge-Graph-ver2/resource/university/truong-dai-hoc-su-pham-dai-hoc-hue,https://ror.org/04bm3wy68,org,org,1.00,True,correct,correct,,Hue University of Education,Hue University
ror,https://pham-ng.github.io/Vietnam-University-Knowledge-Graph-ver2/resource/university/truong-dai-hoc-khoa-hoc-xa-hoi-va-nhan-van-dai-hoc-quoc-gia-ha-noi,https://ror.org/011109p83,org,org,1.00,True,correct,correct,,"Trường Đại học Khoa học Xã hội và Nhân văn, Đại học Quốc gia Hà Nội",Trường Đại học Khoa học Xã hội và Nhân văn
ror,https://pham-ng.github.io/Vietnam-University-Knowledge-Graph-ver2/resource/university/hoc-vien-hang-khong-viet-nam,https://ror.org/05da5vm76,org,org,1.00,True,correct,correct,,Học viện Hàng không Việt Nam,Học Viện Hàng Không Việt Nam
geonames,https://pham-ng.github.io/Vietnam-University-Knowledge-Graph-ver2/resource/province/dong-nai,https://sws.geonames.org/1582720/,place,place,1.00,True,correct,correct,,Đồng Nai,Dong Nai
geonames,https://pham-ng.github.io/Vietnam-University-Knowledge-Graph-ver2/resource/province/quang-nam,https://sws.geonames.org/1905516/,place,place,1.00,True,correct,correct,,Quảng Nam,Kuannama
geonames,https://pham-ng.github.io/Vietnam-University-Knowledge-Graph-ver2/resource/province/phu-tho,https://sws.geonames.org/1905577/,place,place,1.00,True,correct,correct,,Phú Thọ,Futo
geonames,https://pham-ng.github.io/Vietnam-University-Knowledge-Graph-ver2/resource/province/thanh-hoa,https://sws.geonames.org/1566165/,place,place,1.00,True,correct,correct,,Thanh Hóa,Gobolka Thanh Hoa
geonames,https://pham-ng.github.io/Vietnam-University-Knowledge-Graph-ver2/resource/province/ca-mau,https://sws.geonames.org/1905678/,place,place,1.00,True,correct,correct,,Cà Mau,Ca Mau
geonames,https://pham-ng.github.io/Vietnam-University-Knowledge-Graph-ver2/resource/province/gia-lai,https://sws.geonames.org/1581088/,place,place,1.00,True,correct,correct,,Gia Lai,Baklėjus
geonames,https://pham-ng.github.io/Vietnam-University-Knowledge-Graph-ver2/resource/province/lai-chau,https://sws.geonames.org/1577954/,place,place,1.00,True,correct,correct,,Lai Châu,Gobolka Lai Chau
geonames,https://pham-ng.github.io/Vietnam-University-Knowledge-Graph-ver2/resource/province/quang-tri,https://sws.geonames.org/1568733/,place,place,1.00,True,correct,correct,,Quảng Trị,Gobolka Quang Tri
geonames,https://pham-ng.github.io/Vietnam-University-Knowledge-Graph-ver2/resource/province/ba-ria-vung-tau,https://sws.geonames.org/1584534/,place,place,1.00,True,correct,correct,,Bà Rịa - Vũng Tàu,Ba Ria Vung Tau
geonames,https://pham-ng.github.io/Vietnam-University-Knowledge-Graph-ver2/resource/province/an-giang,https://sws.geonames.org/1594446/,place,place,1.00,True,correct,correct,,An Giang,An Giang
