severity,focus,path,message,value
Info,https://pham-ng.github.io/Vietnam-University-Knowledge-Graph-ver2/resource/university/truong-dai-hoc-an-giang-dai-hoc-quoc-gia-thanh-pho-ho-chi-minh,,Trường thành viên đặt ở tỉnh khác với đại học chủ quản (https://pham-ng.github.io/Vietnam-University-Knowledge-Graph-ver2/resource/province/an-giang ≠ https://pham-ng.github.io/Vietnam-University-Knowledge-Graph-ver2/resource/province/thanh-pho-ho-chi-minh).,https://pham-ng.github.io/Vietnam-University-Knowledge-Graph-ver2/resource/university/truong-dai-hoc-an-giang-dai-hoc-quoc-gia-thanh-pho-ho-chi-minh
Warning,https://pham-ng.github.io/Vietnam-University-Knowledge-Graph-ver2/resource/university/truong-dai-hoc-cong-nghe-thanh-pho-ho-chi-minh,https://pham-ng.github.io/Vietnam-University-Knowledge-Graph-ver2/ontology#governedBy,Cơ sở tư thục lại có Bộ làm cơ quan chủ quản — cần kiểm tra.,
Warning,https://pham-ng.github.io/Vietnam-University-Knowledge-Graph-ver2/resource/university/truong-dai-hoc-quan-ly-va-cong-nghe-hai-phong,https://pham-ng.github.io/Vietnam-University-Knowledge-Graph-ver2/ontology#governedBy,Cơ sở tư thục lại có Bộ làm cơ quan chủ quản — cần kiểm tra.,
Warning,https://pham-ng.github.io/Vietnam-University-Knowledge-Graph-ver2/resource/university/truong-dai-hoc-van-hien,https://pham-ng.github.io/Vietnam-University-Knowledge-Graph-ver2/ontology#governedBy,Cơ sở tư thục lại có Bộ làm cơ quan chủ quản — cần kiểm tra.,
Warning,https://pham-ng.github.io/Vietnam-University-Knowledge-Graph-ver2/resource/university/dai-chung-vien-sao-bien,https://pham-ng.github.io/Vietnam-University-Knowledge-Graph-ver2/ontology#foundingYear,Thiếu năm thành lập.,
Warning,https://pham-ng.github.io/Vietnam-University-Knowledge-Graph-ver2/resource/university/dai-chung-vien-thanh-giuse-ha-noi,https://pham-ng.github.io/Vietnam-University-Knowledge-Graph-ver2/ontology#foundingYear,Thiếu năm thành lập.,
Warning,https://pham-ng.github.io/Vietnam-University-Knowledge-Graph-ver2/resource/university/dai-chung-vien-thanh-giuse-sai-gon,https://pham-ng.github.io/Vietnam-University-Knowledge-Graph-ver2/ontology#foundingYear,Thiếu năm thành lập.,
Warning,https://pham-ng.github.io/Vietnam-University-Knowledge-Graph-ver2/resource/university/dai-chung-vien-thanh-giuse-xuan-loc,https://pham-ng.github.io/Vietnam-University-Knowledge-Graph-ver2/ontology#foundingYear,Thiếu năm thành lập.,
Warning,https://pham-ng.github.io/Vietnam-University-Knowledge-Graph-ver2/resource/university/dai-chung-vien-xuan-bich-hue,https://pham-ng.github.io/Vietnam-University-Knowledge-Graph-ver2/ontology#foundingYear,Thiếu năm thành lập.,
Warning,https://pham-ng.github.io/Vietnam-University-Knowledge-Graph-ver2/resource/university/hoc-vien-ky-thuat-va-cong-nghe-an-ninh,https://pham-ng.github.io/Vietnam-University-Knowledge-Graph-ver2/ontology#foundingYear,Thiếu năm thành lập.,
Warning,https://pham-ng.github.io/Vietnam-University-Knowledge-Graph-ver2/resource/university/phan-hieu-long-an-truong-dai-hoc-su-pham-thanh-pho-ho-chi-minh,https://pham-ng.github.io/Vietnam-University-Knowledge-Graph-ver2/ontology#foundingYear,Thiếu năm thành lập.,
Warning,https://pham-ng.github.io/Vietnam-University-Knowledge-Graph-ver2/resource/university/truong-boi-duong-can-bo-kinh-te-tai-chinh,https://pham-ng.github.io/Vietnam-University-Knowledge-Graph-ver2/ontology#foundingYear,Thiếu năm thành lập.,
Warning,https://pham-ng.github.io/Vietnam-University-Knowledge-Graph-ver2/resource/university/truong-cao-dang-cong-nghiep-hue,https://pham-ng.github.io/Vietnam-University-Knowledge-Graph-ver2/ontology#foundingYear,Thiếu năm thành lập.,
Warning,https://pham-ng.github.io/Vietnam-University-Knowledge-Graph-ver2/resource/university/truong-cao-dang-ngoai-ngu-cong-nghe-viet-nhat,https://pham-ng.github.io/Vietnam-University-Knowledge-Graph-ver2/ontology#foundingYear,Thiếu năm thành lập.,
Warning,https://pham-ng.github.io/Vietnam-University-Knowledge-Graph-ver2/resource/university/truong-cao-dang-su-pham-nam-dinh,https://pham-ng.github.io/Vietnam-University-Knowledge-Graph-ver2/ontology#foundingYear,Thiếu năm thành lập.,
Warning,https://pham-ng.github.io/Vietnam-University-Knowledge-Graph-ver2/resource/university/truong-cao-dang-y-te-ha-noi,https://pham-ng.github.io/Vietnam-University-Knowledge-Graph-ver2/ontology#foundingYear,Thiếu năm thành lập.,
Warning,https://pham-ng.github.io/Vietnam-University-Knowledge-Graph-ver2/resource/university/truong-dai-hoc-luat-dai-hoc-hue,https://pham-ng.github.io/Vietnam-University-Knowledge-Graph-ver2/ontology#foundingYear,Thiếu năm thành lập.,
Warning,https://pham-ng.github.io/Vietnam-University-Knowledge-Graph-ver2/resource/university/truong-dai-hoc-my-thuat-cong-nghiep,https://pham-ng.github.io/Vietnam-University-Knowledge-Graph-ver2/ontology#foundingYear,Thiếu năm thành lập.,
Warning,https://pham-ng.github.io/Vietnam-University-Knowledge-Graph-ver2/resource/university/truong-dai-hoc-nghe-an,https://pham-ng.github.io/Vietnam-University-Knowledge-Graph-ver2/ontology#foundingYear,Thiếu năm thành lập.,
Warning,https://pham-ng.github.io/Vietnam-University-Knowledge-Graph-ver2/resource/university/truong-dai-hoc-phong-chay-chua-chay,https://pham-ng.github.io/Vietnam-University-Knowledge-Graph-ver2/ontology#foundingYear,Thiếu năm thành lập.,
Warning,https://pham-ng.github.io/Vietnam-University-Knowledge-Graph-ver2/resource/university/truong-dai-hoc-su-pham-nghe-thuat-trung-uong,https://pham-ng.github.io/Vietnam-University-Knowledge-Graph-ver2/ontology#foundingYear,Thiếu năm thành lập.,
Warning,https://pham-ng.github.io/Vietnam-University-Knowledge-Graph-ver2/resource/university/truong-dai-hoc-tan-trao,https://pham-ng.github.io/Vietnam-University-Knowledge-Graph-ver2/ontology#foundingYear,Thiếu năm thành lập.,
Warning,https://pham-ng.github.io/Vietnam-University-Knowledge-Graph-ver2/resource/university/truong-dai-hoc-thanh-tay,https://pham-ng.github.io/Vietnam-University-Knowledge-Graph-ver2/ontology#foundingYear,Thiếu năm thành lập.,
Warning,https://pham-ng.github.io/Vietnam-University-Knowledge-Graph-ver2/resource/university/truong-dai-hoc-the-duc-the-thao-thanh-pho-ho-chi-minh,https://pham-ng.github.io/Vietnam-University-Knowledge-Graph-ver2/ontology#foundingYear,Thiếu năm thành lập.,
Warning,https://pham-ng.github.io/Vietnam-University-Knowledge-Graph-ver2/resource/university/vien-dao-tao-y-hoc-du-phong-va-y-te-cong-cong,https://pham-ng.github.io/Vietnam-University-Knowledge-Graph-ver2/ontology#foundingYear,Thiếu năm thành lập.,
Warning,https://pham-ng.github.io/Vietnam-University-Knowledge-Graph-ver2/resource/university/vien-tran-nhan-tong-dai-hoc-quoc-gia-ha-noi,https://pham-ng.github.io/Vietnam-University-Knowledge-Graph-ver2/ontology#foundingYear,Thiếu năm thành lập.,
Warning,https://pham-ng.github.io/Vietnam-University-Knowledge-Graph-ver2/resource/university/dai-chung-vien-sao-bien,https://pham-ng.github.io/Vietnam-University-Knowledge-Graph-ver2/ontology#locatedIn,Thiếu tỉnh/thành nơi đặt trụ sở.,
Warning,https://pham-ng.github.io/Vietnam-University-Knowledge-Graph-ver2/resource/university/dai-chung-vien-thanh-giuse-xuan-loc,https://pham-ng.github.io/Vietnam-University-Knowledge-Graph-ver2/ontology#locatedIn,Thiếu tỉnh/thành nơi đặt trụ sở.,
Warning,https://pham-ng.github.io/Vietnam-University-Knowledge-Graph-ver2/resource/university/giao-hoang-hoc-vien-thanh-pio-x-da-lat,https://pham-ng.github.io/Vietnam-University-Knowledge-Graph-ver2/ontology#locatedIn,Thiếu tỉnh/thành nơi đặt trụ sở.,
Warning,https://pham-ng.github.io/Vietnam-University-Knowledge-Graph-ver2/resource/university/hoc-vien-chien-luoc-boi-duong-can-bo-xay-dung,https://pham-ng.github.io/Vietnam-University-Knowledge-Graph-ver2/ontology#locatedIn,Thiếu tỉnh/thành nơi đặt trụ sở.,
Warning,https://pham-ng.github.io/Vietnam-University-Knowledge-Graph-ver2/resource/university/truong-boi-duong-can-bo-kinh-te-tai-chinh,https://pham-ng.github.io/Vietnam-University-Knowledge-Graph-ver2/ontology#locatedIn,Thiếu tỉnh/thành nơi đặt trụ sở.,
Warning,https://pham-ng.github.io/Vietnam-University-Knowledge-Graph-ver2/resource/university/truong-cao-dang-ky-thuat-cao-thang,https://pham-ng.github.io/Vietnam-University-Knowledge-Graph-ver2/ontology#locatedIn,Thiếu tỉnh/thành nơi đặt trụ sở.,
Warning,https://pham-ng.github.io/Vietnam-University-Knowledge-Graph-ver2/resource/university/truong-cao-dang-ngoai-ngu-cong-nghe-viet-nhat,https://pham-ng.github.io/Vietnam-University-Knowledge-Graph-ver2/ontology#locatedIn,Thiếu tỉnh/thành nơi đặt trụ sở.,
Warning,https://pham-ng.github.io/Vietnam-University-Knowledge-Graph-ver2/resource/university/truong-dai-hoc-cong-nghiep-vinh,https://pham-ng.github.io/Vietnam-University-Knowledge-Graph-ver2/ontology#locatedIn,Thiếu tỉnh/thành nơi đặt trụ sở.,
Warning,https://pham-ng.github.io/Vietnam-University-Knowledge-Graph-ver2/resource/university/truong-dai-hoc-su-pham-nghe-thuat-trung-uong,https://pham-ng.github.io/Vietnam-University-Knowledge-Graph-ver2/ontology#locatedIn,Thiếu tỉnh/thành nơi đặt trụ sở.,
Warning,https://pham-ng.github.io/Vietnam-University-Knowledge-Graph-ver2/resource/university/truong-quoc-gia-am-nhac-va-kich-nghe,https://pham-ng.github.io/Vietnam-University-Knowledge-Graph-ver2/ontology#locatedIn,Thiếu tỉnh/thành nơi đặt trụ sở.,
Warning,https://pham-ng.github.io/Vietnam-University-Knowledge-Graph-ver2/resource/university/truong-y-khoa-dong-duong,https://pham-ng.github.io/Vietnam-University-Knowledge-Graph-ver2/ontology#locatedIn,Thiếu tỉnh/thành nơi đặt trụ sở.,
Warning,https://pham-ng.github.io/Vietnam-University-Knowledge-Graph-ver2/resource/university/vien-dai-hoc-da-lat,https://pham-ng.github.io/Vietnam-University-Knowledge-Graph-ver2/ontology#locatedIn,Thiếu tỉnh/thành nơi đặt trụ sở.,
