wikidata,dbpedia,expected_from_enwiki,reason
Q11023,http://dbpedia.org/resource/Technology,,"tài nguyên DBpedia trỏ tới 2 item Wikidata khác nhau: Q11016, Q11023"
Q36662,http://dbpedia.org/resource/Pleiku,http://dbpedia.org/resource/Gia_Lai_province,"tài nguyên DBpedia trỏ tới 2 item Wikidata khác nhau: Q30599, Q36662"
Q36579,http://dbpedia.org/resource/Quảng_Trị,http://dbpedia.org/resource/Quảng_Trị_province,"tài nguyên DBpedia trỏ tới 2 item Wikidata khác nhau: Q1320413, Q36579"
Q27968,http://dbpedia.org/resource/English_literature,,"tài nguyên DBpedia trỏ tới 2 item Wikidata khác nhau: Q186579, Q27968"
Q7748,http://dbpedia.org/resource/Law,,"tài nguyên DBpedia trỏ tới 2 item Wikidata khác nhau: Q4932206, Q7748"
Q80083,http://dbpedia.org/resource/Humanities,,"tài nguyên DBpedia trỏ tới 2 item Wikidata khác nhau: Q1402900, Q80083"
Q173113,http://dbpedia.org/resource/Agronomy,,"tài nguyên DBpedia trỏ tới 3 item Wikidata khác nhau: Q173113, Q294985, Q56237415"
Q77590,http://dbpedia.org/resource/Civil_engineering,,"tài nguyên DBpedia trỏ tới 2 item Wikidata khác nhau: Q77590, Q811906"
Q3101701,http://dbpedia.org/resource/Ho_Chi_Minh_City_University_of_Technology_and_Education,http://dbpedia.org/resource/Ho_Chi_Minh_City_University_of_Technology,"tài nguyên DBpedia trỏ tới 2 item Wikidata khác nhau: Q10829131, Q3101701"
Q492886,http://dbpedia.org/resource/Supply_chain,,"tài nguyên DBpedia trỏ tới 2 item Wikidata khác nhau: Q1824206, Q492886"
Q2289221,http://dbpedia.org/resource/Southern_Vietnam,,"tài nguyên DBpedia trỏ tới 2 item Wikidata khác nhau: Q180573, Q2289221"
Q975085,http://dbpedia.org/resource/Primary_education,,"tài nguyên DBpedia trỏ tới 3 item Wikidata khác nhau: Q15154412, Q975085, Q9842"
Q4830453,http://dbpedia.org/resource/Business_enterprise,,"tài nguyên DBpedia trỏ tới 2 item Wikidata khác nhau: Q4830453, Q6881511"
Q10829131,http://dbpedia.org/resource/Ho_Chi_Minh_City_University_of_Technology_and_Education,http://dbpedia.org/resource/Ho_Chi_Minh_City_University_of_Technology_and_Engineering,"tài nguyên DBpedia trỏ tới 2 item Wikidata khác nhau: Q10829131, Q3101701"
