entity,wikidata,label,description,method
Quân đội nhân dân Việt Nam,Q3936506,,,nguồn
Ban Chấp hành Trung ương Đảng Cộng sản Việt Nam,Q5060621,,,nguồn
Viện Hàn lâm Khoa học và Công nghệ Việt Nam,Q7928484,,,nguồn
Ban Cơ yếu Chính phủ của Bộ Quốc phòng,,,,không tìm thấy
Binh chủng Công binh của Bộ Quốc phòng,,,,không tìm thấy
Binh chủng Đặc công của Bộ Quốc phòng,,,,không tìm thấy
Binh chủng Pháo binh,Q10740137,Binh chủng Pháo binh Việt Nam,,tìm kiếm
Bộ Công an,Q6867472,Bộ Công an Việt Nam,Cơ quan công quyền của Việt Nam từ năm 1945,tìm kiếm
Bộ Công Thương,Q6867197,Bộ Công Thương,cơ quan công quyền của chính phủ Việt Nam,tìm kiếm
Bộ Dân tộc và Tôn giáo,Q10843005,Bộ Dân tộc và Tôn giáo,cơ quan của Chính phủ Việt Nam,tìm kiếm
Bộ Giáo dục và Đào tạo,Q2269756,,,nguồn
Bộ Khoa học và Công nghệ,Q10743658,Bộ Khoa học và Công nghệ,cơ quan thuộc Chính phủ Việt Nam,tìm kiếm
Bộ Ngoại giao,Q6867039,Bộ Ngoại giao Việt Nam,cơ quan cấp Bộ của Việt Nam,tìm kiếm
Bộ Nội vụ,Q10743669,Bộ Nội vụ,cơ quan thuộc Chính phủ Việt Nam,tìm kiếm
Bộ Nông nghiệp và Môi trường,Q135267696,Bộ Nông nghiệp và Môi trường Việt Nam,cơ quan cấp Bộ của Việt Nam,tìm kiếm
Bộ Quốc phòng,Q6866771,Bộ Quốc phòng Việt Nam,Bộ của chính phủ Việt Nam,tìm kiếm
Bộ Tài chính,Q6866962,,,nguồn
Bộ Tài nguyên và Môi trường,Q10743678,Bộ Tài nguyên và Môi trường,cơ quan thuộc chính phủ Việt Nam,tìm kiếm
Bộ Tư lệnh Tăng - Thiết giáp của Bộ Quốc phòng,,,,không tìm thấy
Bộ Tư pháp,Q10743682,Bộ Tư pháp,cơ quan công quyền của Việt Nam,tìm kiếm
"Bộ Văn hóa, Thể thao và Du lịch",Q10743686,"Bộ Văn hóa, Thể thao và Du lịch",cơ quan công quyền của Việt Nam,tìm kiếm
Bộ Xây dựng,Q10743687,Bộ Xây dựng,cơ quan công quyền của Việt Nam,tìm kiếm
Bộ Y tế,Q6867111,Bộ Y tế,cơ quan của Chính phủ Việt Nam,tìm kiếm
Đoàn Thanh niên Cộng sản Hồ Chí Minh,Q5874016,Đoàn Thanh niên Cộng sản Hồ Chí Minh,tổ chức chính trị xã hội của thanh niên Việt Nam,tìm kiếm
FPT Education,,,,không tìm thấy
Giáo hội Phật giáo Việt Nam,Q4098002,Giáo hội Phật giáo Việt Nam,tổ chức Phật giáo tại Việt Nam,tìm kiếm
Ngân hàng Nhà nước Việt Nam,Q2234553,Ngân hàng Nhà nước Việt Nam,ngân hàng trung ương của Việt Nam,tìm kiếm
Quân chủng Hải quân,Q1324290,Quân chủng Hải quân Việt Nam,Ngành tác chiến hải quân của quân đội Việt Nam,tìm kiếm
Tập đoàn Giáo dục EQuest,,,,không tìm thấy
Tập đoàn Giáo dục Nguyễn Hoàng,,,,không tìm thấy
Tập đoàn Giáo dục Văn Lang,,,,không tìm thấy
Tập đoàn Phenikaa,,,,không tìm thấy
Thành ủy Thành phố Hồ Chí Minh,Q10825624,Thành ủy Thành phố Hồ Chí Minh,cơ quan Đảng Cộng sản Việt Nam,tìm kiếm
Tòa án nhân dân tối cao,Q4120183,Tòa án Nhân dân Tối cao,cơ quan xét xử cấp cao nhất của Việt Nam,tìm kiếm
Tổng cục Chính trị,,,,không tìm thấy
Tổng cục Hậu cần–Kỹ thuật,,,,không tìm thấy
"Tổng cục Tình báo, Bộ Quốc phòng",Q1515565,"Tổng cục tình báo, Bộ Quốc phòng",cơ quan tình báo của Việt Nam,tìm kiếm
Tổng Liên đoàn Lao động Việt Nam,Q602682,Tổng Liên đoàn Lao động Việt Nam,tổ chức công đoàn nhà nước Việt Nam,tìm kiếm
UBND tỉnh Cà Mau,,,,không tìm thấy
UBND tỉnh Vĩnh Long,,,,không tìm thấy
Ủy ban nhân dân thành phố Hà Nội,Q10843014,Ủy ban Nhân dân Thành phố Hà Nội,cơ quan hành pháp của Hà Nội,tìm kiếm
Ủy ban nhân dân Thành phố Hồ Chí Minh,Q10843017,Ủy ban Nhân dân Thành phố Hồ Chí Minh,"cơ quan quản lý hành pháp Thành phố Hồ Chí Minh, Việt Nam",tìm kiếm
Ủy ban nhân dân tỉnh Đồng Tháp,,,,không tìm thấy
Ủy ban nhân dân tỉnh Nghệ An,,,,không tìm thấy
Ủy ban nhân dân tỉnh Ninh Bình,,,,không tìm thấy
Ủy ban nhân dân tỉnh Quảng Ngãi,,,,không tìm thấy
Viện Hàn lâm Khoa học xã hội Việt Nam,Q1960359,Viện Hàn lâm Khoa học xã hội Việt Nam,Cơ quan nghiên cứu khoa học xã hội Việt Nam,tìm kiếm
Bắc Bộ,Q2428694,Northern Vietnam,geographic region of Vietnam,tìm kiếm
Trung Bộ,Q1863140,Central Vietnam,region of Vietnam,tìm kiếm
Nam Bộ,Q2289221,Southern Vietnam,Region of Vietnam,tìm kiếm
