kind,code,name_vi,name_en,wikidata,label,description,method
major,7140201,Giáo dục Mầm non,Early childhood education,Q1472221,early childhood education,early childhood educationeducation for young children before primary school,tự động (nhãn khớp)
major,7140202,Giáo dục Tiểu học,Primary education,Q975085,primary education,first stage of compulsory education,tự động (nhãn khớp)
major,7140209,Sư phạm Toán học,Mathematics education,Q853077,mathematics education,"mathematics teaching, learning and scholarly research",tự động (nhãn khớp)
major,7220201,Ngôn ngữ Anh,English studies,Q27968,English studies,discipline that studies the English language and literature,tự động (nhãn khớp)
major,7310101,Kinh tế,Economics,Q8134,economics,"social science that studies the production, distribution, and consumption of goods and services",tự động (nhãn khớp)
major,7310401,Tâm lý học,Psychology,Q9418,psychology,study of mental functions and behaviours,tự động (nhãn khớp)
major,7320101,Báo chí,Journalism,Q11030,journalism,"investigation and reporting of events, issues and trends to a broad audience",tự động (nhãn khớp)
major,7340101,Quản trị kinh doanh,Business administration,Q2043282,business administration,administration of the business transactions of a profit-oriented enterprise,tự động (nhãn khớp)
major,7340115,Marketing,Marketing,Q39809,marketing,"study and process of promoting, distributing, and selling products or services to customers",tự động (nhãn khớp)
major,7340201,Tài chính - Ngân hàng,Finance,Q43015,finance,"academic discipline studying businesses, financing, investments and protection of economic value",tự động (nhãn khớp)
major,7340301,Kế toán,Accounting,Q4116214,accounting,"measurement, processing and communication of financial information about economic entities",tự động (nhãn khớp)
major,7380101,Luật,Law,Q7748,law,"system of rules and guidelines, generally backed by governmental authority",tự động (nhãn khớp)
major,7420201,Công nghệ sinh học,Biotechnology,Q7108,biotechnology,technologies directly involving biology; formerly or more narrowly the use of living systems and organisms to develop or make useful products,tự động (nhãn khớp)
major,7440102,Vật lý học,Physics,Q413,physics,"study of matter and its motion, along with related concepts such as energy and force",tự động (nhãn khớp)
major,7440112,Hóa học,Chemistry,Q2329,chemistry,"branch of physical science concerned with the composition, structure and properties of matter",tự động (nhãn khớp)
major,7460101,Toán học,Mathematics,Q395,mathematics,field of study,tự động (nhãn khớp)
major,7460108,Khoa học dữ liệu,Data science,Q2374463,data science,field of study to extract insights from data,tự động (nhãn khớp)
major,7480101,Khoa học máy tính,Computer science,Q21198,computer science,study of computation,tự động (nhãn khớp)
major,7480102,Mạng máy tính và truyền thông dữ liệu,Computer network,Q1301371,computer network,network that allows computers to share resources and communicate with each other,tự động (nhãn khớp)
major,7480103,Kỹ thuật phần mềm,Software engineering,Q80993,software engineering,academic discipline that studies systematic approaches to developing software,tự động (nhãn khớp)
major,7480104,Hệ thống thông tin,Information system,Q64812807,,,thủ công
major,7480106,Kỹ thuật máy tính,Computer engineering,Q428691,computer engineering,engineering discipline specializing in the design of computer hardware and software systems,tự động (nhãn khớp)
major,7480201,Công nghệ thông tin,Information technology,Q11661,information technology,"development, management, and use of computer-based information systems",tự động (nhãn khớp)
major,7480202,An toàn thông tin,Information security,Q189900,information security,practice of protecting information and systems by mitigating information risks,tự động (nhãn khớp)
major,7510605,Logistics và quản lý chuỗi cung ứng,Supply chain management,Q492886,supply chain management,management of the flow of goods and services,tự động (nhãn khớp)
major,7520103,Kỹ thuật cơ khí,Mechanical engineering,Q101333,mechanical engineering,type of engineering discipline (not the studies),tự động (nhãn khớp)
major,7520114,Kỹ thuật cơ điện tử,Mechatronics,Q180165,mechatronics,combination of electronics and mechanics,tự động (nhãn khớp)
major,7520201,Kỹ thuật điện,Electrical engineering,Q43035,electrical engineering,"field of engineering that deals with electricity (its control and processing as information in electronic form, or during the control and generation of mechanical, magnetic, or other forms of energy; compare Q988785)",tự động (nhãn khớp)
major,7520207,Kỹ thuật điện tử - viễn thông,Telecommunications engineering,Q1061219,telecommunications engineering,"subfield of electrical engineering that deals with the recording, transmission, processing and storage of communication",tự động (nhãn khớp)
major,7520216,Kỹ thuật điều khiển và tự động hóa,Control engineering,Q4917288,control engineering,engineering discipline that applies automatic control theory to design systems with desired behaviors in control environments,tự động (nhãn khớp)
major,7580201,Kỹ thuật xây dựng,Civil engineering,Q77590,civil engineering,"engineering discipline specializing in design, construction and maintenance of the built environment",tự động (nhãn khớp)
major,7620110,Khoa học cây trồng,Agronomy,Q173113,agronomy,"science and technology of producing and using plants for food, fuel, fiber, and reclamation",tự động (nhãn khớp)
major,7720101,Y khoa,Medicine,Q11190,medicine,"field of study for diagnosing, treating and preventing disease",tự động (nhãn khớp)
major,7720201,Dược học,Pharmacy,Q614304,pharmacy,"science that studies the chemical, pharmacological and pharmaceutical properties of drugs",tự động (nhãn khớp)
major,7720301,Điều dưỡng,Nursing,Q121176,nursing,caring for people who are sick or injured,tự động (nhãn khớp)
major,7720501,Răng - Hàm - Mặt,Dentistry,Q12128,dentistry,branch of medicine dealing with oral health and teeth,tự động (nhãn khớp)
major,7810103,Quản trị dịch vụ du lịch và lữ hành,Tourism management,Q49389,,,thủ công
field,714,Khoa học giáo dục và đào tạo giáo viên,Education science and teacher training,Q8434,,,thủ công
field,722,Nhân văn,Humanities,Q80083,humanities,study of human culture and society,tự động (nhãn khớp)
field,731,Khoa học xã hội và hành vi,Social and behavioural sciences,Q34749,,,thủ công
field,732,Báo chí và thông tin,Journalism and information,Q11030,,,thủ công
field,734,Kinh doanh và quản lý,Business and management,Q4830453,,,thủ công
field,738,Pháp luật,Law,Q7748,law,"system of rules and guidelines, generally backed by governmental authority",tự động (nhãn khớp)
field,742,Khoa học sự sống,Life sciences,Q864928,life sciences,branch of science about life,tự động (nhãn khớp)
field,744,Khoa học tự nhiên,Natural sciences,Q7991,,,thủ công
field,746,Toán và thống kê,Mathematics and statistics,Q395,,,thủ công
field,748,Máy tính và công nghệ thông tin,Computing and information technology,Q21198,,,thủ công
field,751,Công nghệ kỹ thuật,Engineering technology,,,,không tìm thấy
field,752,Kỹ thuật,Engineering,Q11023,engineering,type of applied science,tự động (nhãn khớp)
field,758,Kiến trúc và xây dựng,Architecture and construction,Q12271,,,thủ công
field,762,Nông lâm nghiệp và thủy sản,"Agriculture, forestry and fisheries",Q11451,,,thủ công
field,772,Sức khỏe,Health,Q12147,health,desirable level of functional or metabolic efficiency of a living being,tự động (nhãn khớp)
field,781,"Du lịch, khách sạn, thể thao và dịch vụ cá nhân","Tourism, hospitality, sports and personal services",,,,không tìm thấy
