property,types,range
http://dbpedia.org/ontology/abbreviation,DatatypeProperty,http://www.w3.org/2001/XMLSchema#string
http://dbpedia.org/ontology/birthDate,DatatypeProperty FunctionalProperty,http://www.w3.org/2001/XMLSchema#date
http://dbpedia.org/ontology/birthPlace,ObjectProperty,http://dbpedia.org/ontology/Place
http://dbpedia.org/ontology/campus,ObjectProperty,
http://dbpedia.org/ontology/chairman,ObjectProperty,http://dbpedia.org/ontology/Person
http://dbpedia.org/ontology/dissolutionYear,DatatypeProperty,http://www.w3.org/2001/XMLSchema#gYear
http://dbpedia.org/ontology/facultySize,DatatypeProperty,http://www.w3.org/2001/XMLSchema#nonNegativeInteger
http://dbpedia.org/ontology/formerName,DatatypeProperty,http://www.w3.org/1999/02/22-rdf-syntax-ns#langString
http://dbpedia.org/ontology/foundingYear,DatatypeProperty,http://www.w3.org/2001/XMLSchema#gYear
http://dbpedia.org/ontology/motto,DatatypeProperty,http://www.w3.org/2001/XMLSchema#string
http://dbpedia.org/ontology/nationality,ObjectProperty,http://dbpedia.org/ontology/Country
http://dbpedia.org/ontology/numberOfPostgraduateStudents,DatatypeProperty,http://www.w3.org/2001/XMLSchema#nonNegativeInteger
http://dbpedia.org/ontology/numberOfStudents,DatatypeProperty,http://www.w3.org/2001/XMLSchema#nonNegativeInteger
http://dbpedia.org/ontology/numberOfUndergraduateStudents,DatatypeProperty,http://www.w3.org/2001/XMLSchema#nonNegativeInteger
http://dbpedia.org/ontology/populationTotal,DatatypeProperty FunctionalProperty,http://www.w3.org/2001/XMLSchema#nonNegativeInteger
http://dbpedia.org/ontology/predecessor,ObjectProperty,
http://dbpedia.org/ontology/rector,ObjectProperty,http://dbpedia.org/ontology/Person
http://dbpedia.org/ontology/successor,ObjectProperty,
