institution_name,governing_body,effective_from,decision,source
Đại học Quốc gia Hà Nội,Bộ Giáo dục và Đào tạo,2025-08-12,1723/QĐ-TTg,https://congbao.chinhphu.vn/van-ban/quyet-dinh-so-1723-qd-ttg-45825/58191.htm
Đại học Quốc gia Thành phố Hồ Chí Minh,Bộ Giáo dục và Đào tạo,2025-08-12,1723/QĐ-TTg,https://congbao.chinhphu.vn/van-ban/quyet-dinh-so-1723-qd-ttg-45825/58191.htm
Đại học Đà Nẵng,Bộ Giáo dục và Đào tạo,2025-08-12,1723/QĐ-TTg,https://congbao.chinhphu.vn/van-ban/quyet-dinh-so-1723-qd-ttg-45825/58191.htm
Đại học Huế,Bộ Giáo dục và Đào tạo,2025-08-12,1723/QĐ-TTg,https://congbao.chinhphu.vn/van-ban/quyet-dinh-so-1723-qd-ttg-45825/58191.htm
Đại học Thái Nguyên,Bộ Giáo dục và Đào tạo,2025-08-12,1723/QĐ-TTg,https://congbao.chinhphu.vn/van-ban/quyet-dinh-so-1723-qd-ttg-45825/58191.htm
Đại học Bách khoa Hà Nội,Bộ Giáo dục và Đào tạo,2025-08-12,1723/QĐ-TTg,https://congbao.chinhphu.vn/van-ban/quyet-dinh-so-1723-qd-ttg-45825/58191.htm
Đại học Cần Thơ,Bộ Giáo dục và Đào tạo,2025-08-12,1723/QĐ-TTg,https://congbao.chinhphu.vn/van-ban/quyet-dinh-so-1723-qd-ttg-45825/58191.htm
Đại học Kinh tế Quốc dân,Bộ Giáo dục và Đào tạo,2025-08-12,1723/QĐ-TTg,https://congbao.chinhphu.vn/van-ban/quyet-dinh-so-1723-qd-ttg-45825/58191.htm
Đại học Kinh tế Thành phố Hồ Chí Minh,Bộ Giáo dục và Đào tạo,2025-08-12,1723/QĐ-TTg,https://congbao.chinhphu.vn/van-ban/quyet-dinh-so-1723-qd-ttg-45825/58191.htm
Trường Đại học Đà Lạt,Bộ Giáo dục và Đào tạo,2025-08-12,1723/QĐ-TTg,https://congbao.chinhphu.vn/van-ban/quyet-dinh-so-1723-qd-ttg-45825/58191.htm
Trường Đại học Đồng Tháp,Bộ Giáo dục và Đào tạo,2025-08-12,1723/QĐ-TTg,https://congbao.chinhphu.vn/van-ban/quyet-dinh-so-1723-qd-ttg-45825/58191.htm
Trường Đại học Giao thông Vận tải,Bộ Giáo dục và Đào tạo,2025-08-12,1723/QĐ-TTg,https://congbao.chinhphu.vn/van-ban/quyet-dinh-so-1723-qd-ttg-45825/58191.htm
Trường Đại học Hà Nội,Bộ Giáo dục và Đào tạo,2025-08-12,1723/QĐ-TTg,https://congbao.chinhphu.vn/van-ban/quyet-dinh-so-1723-qd-ttg-45825/58191.htm
Trường Đại học Kiên Giang,Bộ Giáo dục và Đào tạo,2025-08-12,1723/QĐ-TTg,https://congbao.chinhphu.vn/van-ban/quyet-dinh-so-1723-qd-ttg-45825/58191.htm
Trường Đại học Luật Thành phố Hồ Chí Minh,Bộ Giáo dục và Đào tạo,2025-08-12,1723/QĐ-TTg,https://congbao.chinhphu.vn/van-ban/quyet-dinh-so-1723-qd-ttg-45825/58191.htm
Trường Đại học Mỏ – Địa chất,Bộ Giáo dục và Đào tạo,2025-08-12,1723/QĐ-TTg,https://congbao.chinhphu.vn/van-ban/quyet-dinh-so-1723-qd-ttg-45825/58191.htm
Trường Đại học Mở Hà Nội,Bộ Giáo dục và Đào tạo,2025-08-12,1723/QĐ-TTg,https://congbao.chinhphu.vn/van-ban/quyet-dinh-so-1723-qd-ttg-45825/58191.htm
Trường Đại học Mở Thành phố Hồ Chí Minh,Bộ Giáo dục và Đào tạo,2025-08-12,1723/QĐ-TTg,https://congbao.chinhphu.vn/van-ban/quyet-dinh-so-1723-qd-ttg-45825/58191.htm
Trường Đại học Mỹ thuật Công nghiệp,Bộ Giáo dục và Đào tạo,2025-08-12,1723/QĐ-TTg,https://congbao.chinhphu.vn/van-ban/quyet-dinh-so-1723-qd-ttg-45825/58191.htm
Trường Đại học Ngoại thương,Bộ Giáo dục và Đào tạo,2025-08-12,1723/QĐ-TTg,https://congbao.chinhphu.vn/van-ban/quyet-dinh-so-1723-qd-ttg-45825/58191.htm
Trường Đại học Nha Trang,Bộ Giáo dục và Đào tạo,2025-08-12,1723/QĐ-TTg,https://congbao.chinhphu.vn/van-ban/quyet-dinh-so-1723-qd-ttg-45825/58191.htm
Trường Đại học Nông Lâm Thành phố Hồ Chí Minh,Bộ Giáo dục và Đào tạo,2025-08-12,1723/QĐ-TTg,https://congbao.chinhphu.vn/van-ban/quyet-dinh-so-1723-qd-ttg-45825/58191.htm
Trường Đại học Quy Nhơn,Bộ Giáo dục và Đào tạo,2025-08-12,1723/QĐ-TTg,https://congbao.chinhphu.vn/van-ban/quyet-dinh-so-1723-qd-ttg-45825/58191.htm
Trường Đại học Sư phạm Hà Nội,Bộ Giáo dục và Đào tạo,2025-08-12,1723/QĐ-TTg,https://congbao.chinhphu.vn/van-ban/quyet-dinh-so-1723-qd-ttg-45825/58191.htm
Trường Đại học Sư phạm Hà Nội 2,Bộ Giáo dục và Đào tạo,2025-08-12,1723/QĐ-TTg,https://congbao.chinhphu.vn/van-ban/quyet-dinh-so-1723-qd-ttg-45825/58191.htm
Trường Đại học Sư phạm Kỹ thuật Hưng Yên,Bộ Giáo dục và Đào tạo,2025-08-12,1723/QĐ-TTg,https://congbao.chinhphu.vn/van-ban/quyet-dinh-so-1723-qd-ttg-45825/58191.htm
Trường Đại học Sư phạm Kỹ thuật Nam Định,Bộ Giáo dục và Đào tạo,2025-08-12,1723/QĐ-TTg,https://congbao.chinhphu.vn/van-ban/quyet-dinh-so-1723-qd-ttg-45825/58191.htm
Trường Đại học Sư phạm Kỹ thuật Vinh,Bộ Giáo dục và Đào tạo,2025-08-12,1723/QĐ-TTg,https://congbao.chinhphu.vn/van-ban/quyet-dinh-so-1723-qd-ttg-45825/58191.htm
Trường Đại học Sư phạm Kỹ thuật Thành phố Hồ Chí Minh,Bộ Giáo dục và Đào tạo,2025-08-12,1723/QĐ-TTg,https://congbao.chinhphu.vn/van-ban/quyet-dinh-so-1723-qd-ttg-45825/58191.htm
Trường Đại học Sư phạm Kỹ thuật Vĩnh Long,Bộ Giáo dục và Đào tạo,2025-08-12,1723/QĐ-TTg,https://congbao.chinhphu.vn/van-ban/quyet-dinh-so-1723-qd-ttg-45825/58191.htm
Trường Đại học Sư phạm Nghệ thuật Trung ương,Bộ Giáo dục và Đào tạo,2025-08-12,1723/QĐ-TTg,https://congbao.chinhphu.vn/van-ban/quyet-dinh-so-1723-qd-ttg-45825/58191.htm
Trường Đại học Sư phạm Thành phố Hồ Chí Minh,Bộ Giáo dục và Đào tạo,2025-08-12,1723/QĐ-TTg,https://congbao.chinhphu.vn/van-ban/quyet-dinh-so-1723-qd-ttg-45825/58191.htm
Trường Đại học Sư phạm Thể dục Thể thao Hà Nội,Bộ Giáo dục và Đào tạo,2025-08-12,1723/QĐ-TTg,https://congbao.chinhphu.vn/van-ban/quyet-dinh-so-1723-qd-ttg-45825/58191.htm
Trường Đại học Sư phạm Thể dục Thể thao Thành phố Hồ Chí Minh,Bộ Giáo dục và Đào tạo,2025-08-12,1723/QĐ-TTg,https://congbao.chinhphu.vn/van-ban/quyet-dinh-so-1723-qd-ttg-45825/58191.htm
Trường Đại học Tây Bắc,Bộ Giáo dục và Đào tạo,2025-08-12,1723/QĐ-TTg,https://congbao.chinhphu.vn/van-ban/quyet-dinh-so-1723-qd-ttg-45825/58191.htm
Trường Đại học Tây Nguyên,Bộ Giáo dục và Đào tạo,2025-08-12,1723/QĐ-TTg,https://congbao.chinhphu.vn/van-ban/quyet-dinh-so-1723-qd-ttg-45825/58191.htm
Trường Đại học Thương mại,Bộ Giáo dục và Đào tạo,2025-08-12,1723/QĐ-TTg,https://congbao.chinhphu.vn/van-ban/quyet-dinh-so-1723-qd-ttg-45825/58191.htm
Trường Đại học Việt Đức,Bộ Giáo dục và Đào tạo,2025-08-12,1723/QĐ-TTg,https://congbao.chinhphu.vn/van-ban/quyet-dinh-so-1723-qd-ttg-45825/58191.htm
Trường Đại học Vinh,Bộ Giáo dục và Đào tạo,2025-08-12,1723/QĐ-TTg,https://congbao.chinhphu.vn/van-ban/quyet-dinh-so-1723-qd-ttg-45825/58191.htm
Trường Đại học Xây dựng Hà Nội,Bộ Giáo dục và Đào tạo,2025-08-12,1723/QĐ-TTg,https://congbao.chinhphu.vn/van-ban/quyet-dinh-so-1723-qd-ttg-45825/58191.htm
Học viện Quản lý giáo dục,Bộ Giáo dục và Đào tạo,2025-08-12,1723/QĐ-TTg,https://congbao.chinhphu.vn/van-ban/quyet-dinh-so-1723-qd-ttg-45825/58191.htm
