code,name_vi,name_en
714,Khoa học giáo dục và đào tạo giáo viên,Education science and teacher training
722,Nhân văn,Humanities
731,Khoa học xã hội và hành vi,Social and behavioural sciences
732,Báo chí và thông tin,Journalism and information
734,Kinh doanh và quản lý,Business and management
738,Pháp luật,Law
742,Khoa học sự sống,Life sciences
744,Khoa học tự nhiên,Natural sciences
746,Toán và thống kê,Mathematics and statistics
748,Máy tính và công nghệ thông tin,Computing and information technology
751,Công nghệ kỹ thuật,Engineering technology
752,Kỹ thuật,Engineering
758,Kiến trúc và xây dựng,Architecture and construction
762,Nông lâm nghiệp và thủy sản,"Agriculture, forestry and fisheries"
772,Sức khỏe,Health
781,"Du lịch, khách sạn, thể thao và dịch vụ cá nhân","Tourism, hospitality, sports and personal services"
