code,name_vi,name_en,field_code
7140201,Giáo dục Mầm non,Early childhood education,714
7140202,Giáo dục Tiểu học,Primary education,714
7140209,Sư phạm Toán học,Mathematics education,714
7220201,Ngôn ngữ Anh,English studies,722
7310101,Kinh tế,Economics,731
7310401,Tâm lý học,Psychology,731
7320101,Báo chí,Journalism,732
7340101,Quản trị kinh doanh,Business administration,734
7340115,Marketing,Marketing,734
7340201,Tài chính - Ngân hàng,Finance,734
7340301,Kế toán,Accounting,734
7380101,Luật,Law,738
7420201,Công nghệ sinh học,Biotechnology,742
7440102,Vật lý học,Physics,744
7440112,Hóa học,Chemistry,744
7460101,Toán học,Mathematics,746
7460108,Khoa học dữ liệu,Data science,746
7480101,Khoa học máy tính,Computer science,748
7480102,Mạng máy tính và truyền thông dữ liệu,Computer network,748
7480103,Kỹ thuật phần mềm,Software engineering,748
7480104,Hệ thống thông tin,Information system,748
7480106,Kỹ thuật máy tính,Computer engineering,748
7480201,Công nghệ thông tin,Information technology,748
7480202,An toàn thông tin,Information security,748
7510605,Logistics và quản lý chuỗi cung ứng,Supply chain management,751
7520103,Kỹ thuật cơ khí,Mechanical engineering,752
7520114,Kỹ thuật cơ điện tử,Mechatronics,752
7520201,Kỹ thuật điện,Electrical engineering,752
7520207,Kỹ thuật điện tử - viễn thông,Telecommunications engineering,752
7520216,Kỹ thuật điều khiển và tự động hóa,Control engineering,752
7580201,Kỹ thuật xây dựng,Civil engineering,758
7620110,Khoa học cây trồng,Agronomy,762
7720101,Y khoa,Medicine,772
7720201,Dược học,Pharmacy,772
7720301,Điều dưỡng,Nursing,772
7720501,Răng - Hàm - Mặt,Dentistry,772
7810103,Quản trị dịch vụ du lịch và lữ hành,Tourism management,781
