university_name_vi,major_code,degree_level
Đại học Bách khoa Hà Nội,7480101,Đại học
Đại học Bách khoa Hà Nội,7480106,Đại học
Đại học Bách khoa Hà Nội,7480201,Đại học
Đại học Bách khoa Hà Nội,7520103,Đại học
Đại học Bách khoa Hà Nội,7520114,Đại học
Đại học Bách khoa Hà Nội,7520201,Đại học
Đại học Bách khoa Hà Nội,7520207,Đại học
Đại học Bách khoa Hà Nội,7520216,Đại học
Đại học Bách khoa Hà Nội,7340101,Đại học
Đại học Bách khoa Hà Nội,7220201,Đại học
Đại học Bách khoa Hà Nội,7420201,Đại học
Đại học Bách khoa Hà Nội,7440112,Đại học
"Trường Đại học Công nghệ, Đại học Quốc gia Hà Nội",7480101,Đại học
"Trường Đại học Công nghệ, Đại học Quốc gia Hà Nội",7480102,Đại học
"Trường Đại học Công nghệ, Đại học Quốc gia Hà Nội",7480104,Đại học
"Trường Đại học Công nghệ, Đại học Quốc gia Hà Nội",7480106,Đại học
"Trường Đại học Công nghệ, Đại học Quốc gia Hà Nội",7480201,Đại học
"Trường Đại học Công nghệ, Đại học Quốc gia Hà Nội",7520207,Đại học
"Trường Đại học Bách khoa, Đại học Quốc gia Thành phố Hồ Chí Minh",7480101,Đại học
"Trường Đại học Bách khoa, Đại học Quốc gia Thành phố Hồ Chí Minh",7480106,Đại học
"Trường Đại học Bách khoa, Đại học Quốc gia Thành phố Hồ Chí Minh",7520103,Đại học
"Trường Đại học Bách khoa, Đại học Quốc gia Thành phố Hồ Chí Minh",7520114,Đại học
"Trường Đại học Bách khoa, Đại học Quốc gia Thành phố Hồ Chí Minh",7520201,Đại học
"Trường Đại học Bách khoa, Đại học Quốc gia Thành phố Hồ Chí Minh",7520207,Đại học
"Trường Đại học Bách khoa, Đại học Quốc gia Thành phố Hồ Chí Minh",7520216,Đại học
"Trường Đại học Bách khoa, Đại học Quốc gia Thành phố Hồ Chí Minh",7580201,Đại học
"Trường Đại học Bách khoa, Đại học Đà Nẵng",7480201,Đại học
"Trường Đại học Bách khoa, Đại học Đà Nẵng",7520103,Đại học
"Trường Đại học Bách khoa, Đại học Đà Nẵng",7520201,Đại học
"Trường Đại học Bách khoa, Đại học Đà Nẵng",7580201,Đại học
"Trường Đại học Khoa học Tự nhiên, Đại học Quốc gia Thành phố Hồ Chí Minh",7460101,Đại học
"Trường Đại học Khoa học Tự nhiên, Đại học Quốc gia Thành phố Hồ Chí Minh",7440102,Đại học
"Trường Đại học Khoa học Tự nhiên, Đại học Quốc gia Thành phố Hồ Chí Minh",7440112,Đại học
"Trường Đại học Khoa học Tự nhiên, Đại học Quốc gia Thành phố Hồ Chí Minh",7420201,Đại học
"Trường Đại học Khoa học Tự nhiên, Đại học Quốc gia Thành phố Hồ Chí Minh",7480101,Đại học
"Trường Đại học Khoa học Tự nhiên, Đại học Quốc gia Thành phố Hồ Chí Minh",7480201,Đại học
"Trường Đại học Khoa học Tự nhiên, Đại học Quốc gia Hà Nội",7460101,Đại học
"Trường Đại học Khoa học Tự nhiên, Đại học Quốc gia Hà Nội",7440102,Đại học
"Trường Đại học Khoa học Tự nhiên, Đại học Quốc gia Hà Nội",7440112,Đại học
"Trường Đại học Khoa học Tự nhiên, Đại học Quốc gia Hà Nội",7420201,Đại học
Học viện Công nghệ Bưu chính Viễn thông,7480201,Đại học
Học viện Công nghệ Bưu chính Viễn thông,7480202,Đại học
Học viện Công nghệ Bưu chính Viễn thông,7520207,Đại học
Học viện Công nghệ Bưu chính Viễn thông,7340115,Đại học
Trường Đại học Kinh tế Quốc dân,7310101,Đại học
Trường Đại học Kinh tế Quốc dân,7340101,Đại học
Trường Đại học Kinh tế Quốc dân,7340115,Đại học
Trường Đại học Kinh tế Quốc dân,7340201,Đại học
Trường Đại học Kinh tế Quốc dân,7340301,Đại học
Trường Đại học Kinh tế Quốc dân,7510605,Đại học
Trường Đại học Kinh tế Quốc dân,7480201,Đại học
Trường Đại học Ngoại thương,7310101,Đại học
Trường Đại học Ngoại thương,7340101,Đại học
Trường Đại học Ngoại thương,7340201,Đại học
Trường Đại học Ngoại thương,7220201,Đại học
Đại học Kinh tế Thành phố Hồ Chí Minh,7310101,Đại học
Đại học Kinh tế Thành phố Hồ Chí Minh,7340101,Đại học
Đại học Kinh tế Thành phố Hồ Chí Minh,7340115,Đại học
Đại học Kinh tế Thành phố Hồ Chí Minh,7340201,Đại học
Đại học Kinh tế Thành phố Hồ Chí Minh,7340301,Đại học
Đại học Kinh tế Thành phố Hồ Chí Minh,7510605,Đại học
Trường Đại học Y Hà Nội,7720101,Đại học
Trường Đại học Y Hà Nội,7720301,Đại học
Trường Đại học Y Hà Nội,7720501,Đại học
Đại học Y Dược Thành phố Hồ Chí Minh,7720101,Đại học
Đại học Y Dược Thành phố Hồ Chí Minh,7720201,Đại học
Đại học Y Dược Thành phố Hồ Chí Minh,7720301,Đại học
Đại học Y Dược Thành phố Hồ Chí Minh,7720501,Đại học
Trường Đại học Dược Hà Nội,7720201,Đại học
Trường Đại học Luật Hà Nội,7380101,Đại học
Trường Đại học Sư phạm Hà Nội,7140201,Đại học
Trường Đại học Sư phạm Hà Nội,7140202,Đại học
Trường Đại học Sư phạm Hà Nội,7140209,Đại học
Trường Đại học Sư phạm Hà Nội,7310401,Đại học
Trường Đại học Sư phạm Hà Nội,7480201,Đại học
Học viện Nông nghiệp Việt Nam,7620110,Đại học
Học viện Nông nghiệp Việt Nam,7420201,Đại học
Học viện Nông nghiệp Việt Nam,7340301,Đại học
