province,region
Hà Nội,Bắc Bộ
Hải Phòng,Bắc Bộ
Tuyên Quang,Bắc Bộ
Cao Bằng,Bắc Bộ
Lai Châu,Bắc Bộ
Lào Cai,Bắc Bộ
Thái Nguyên,Bắc Bộ
Điện Biên,Bắc Bộ
Lạng Sơn,Bắc Bộ
Sơn La,Bắc Bộ
Phú Thọ,Bắc Bộ
Bắc Ninh,Bắc Bộ
Quảng Ninh,Bắc Bộ
Hưng Yên,Bắc Bộ
Ninh Bình,Bắc Bộ
Thanh Hóa,Trung Bộ
Nghệ An,Trung Bộ
Hà Tĩnh,Trung Bộ
Quảng Trị,Trung Bộ
Huế,Trung Bộ
Đà Nẵng,Trung Bộ
Quảng Ngãi,Trung Bộ
Gia Lai,Trung Bộ
Khánh Hòa,Trung Bộ
Đắk Lắk,Trung Bộ
Lâm Đồng,Trung Bộ
Thành phố Hồ Chí Minh,Nam Bộ
Đồng Nai,Nam Bộ
Tây Ninh,Nam Bộ
Cần Thơ,Nam Bộ
Vĩnh Long,Nam Bộ
Đồng Tháp,Nam Bộ
Cà Mau,Nam Bộ
An Giang,Nam Bộ
